Entité;Arrondissement;Catégorie;URL
Amay;Huy-Waremme;Deplacement_destination;https://spiliege.sharepoint.com/sites/Diagnosticterritorial/Documents%20partages/Diagnostic%20territorial/2.%20Documents%20ADT/Documents%20Spi/2.%20Echelle%20communale/Amay/Cartographies/Deplacement_destination_Huy-Waremme_Amay.jpg
Amay;Huy-Waremme;Deplacement_origine;https://spiliege.sharepoint.com/sites/Diagnosticterritorial/Documents%20partages/Diagnostic%20territorial/2.%20Documents%20ADT/Documents%20Spi/2.%20Echelle%20communale/Amay/Cartographies/Deplacement_origine_Huy-Waremme_Amay.jpg
Amay;Huy-Waremme;Deplacements_journee;https://spiliege.sharepoint.com/sites/Diagnosticterritorial/Documents%20partages/Diagnostic%20territorial/2.%20Documents%20ADT/Documents%20Spi/2.%20Echelle%20communale/Amay/Cartographies/Deplacements_journee_Huy-Waremme_Amay.jpg
Amay;Huy-Waremme;Mobilite_Commune_Autres;https://spiliege.sharepoint.com/sites/Diagnosticterritorial/Documents%20partages/Diagnostic%20territorial/2.%20Documents%20ADT/Documents%20Spi/2.%20Echelle%20communale/Amay/Cartographies/Mobilite_Commune_Autres_Huy-Waremme_Amay.jpg
Amay;Huy-Waremme;Mobilite_Commune_TC;https://spiliege.sharepoint.com/sites/Diagnosticterritorial/Documents%20partages/Diagnostic%20territorial/2.%20Documents%20ADT/Documents%20Spi/2.%20Echelle%20communale/Amay/Cartographies/Mobilite_Commune_TC_Huy-Waremme_Amay.jpg
Ans;Liège;Deplacement_destination;https://spiliege.sharepoint.com/sites/Diagnosticterritorial/Documents%20partages/Diagnostic%20territorial/2.%20Documents%20ADT/Documents%20Spi/2.%20Echelle%20communale/Ans/Cartographies/Deplacement_destination_Liège_Ans.jpg
Ans;Liège;Deplacement_origine;https://spiliege.sharepoint.com/sites/Diagnosticterritorial/Documents%20partages/Diagnostic%20territorial/2.%20Documents%20ADT/Documents%20Spi/2.%20Echelle%20communale/Ans/Cartographies/Deplacement_origine_Liège_Ans.jpg
Ans;Liège;Deplacements_journee;https://spiliege.sharepoint.com/sites/Diagnosticterritorial/Documents%20partages/Diagnostic%20territorial/2.%20Documents%20ADT/Documents%20Spi/2.%20Echelle%20communale/Ans/Cartographies/Deplacements_journee_Liège_Ans.jpg
Ans;Liège;Mobilite_Commune_Autres;https://spiliege.sharepoint.com/sites/Diagnosticterritorial/Documents%20partages/Diagnostic%20territorial/2.%20Documents%20ADT/Documents%20Spi/2.%20Echelle%20communale/Ans/Cartographies/Mobilite_Commune_Autres_Liège_Ans.jpg
Ans;Liège;Mobilite_Commune_TC;https://spiliege.sharepoint.com/sites/Diagnosticterritorial/Documents%20partages/Diagnostic%20territorial/2.%20Documents%20ADT/Documents%20Spi/2.%20Echelle%20communale/Ans/Cartographies/Mobilite_Commune_TC_Liège_Ans.jpg
Anthisnes;Huy-Waremme;Deplacement_destination;https://spiliege.sharepoint.com/sites/Diagnosticterritorial/Documents%20partages/Diagnostic%20territorial/2.%20Documents%20ADT/Documents%20Spi/2.%20Echelle%20communale/Anthisnes/Cartographies/Deplacement_destination_Huy-Waremme_Anthisnes.jpg
Anthisnes;Huy-Waremme;Deplacement_origine;https://spiliege.sharepoint.com/sites/Diagnosticterritorial/Documents%20partages/Diagnostic%20territorial/2.%20Documents%20ADT/Documents%20Spi/2.%20Echelle%20communale/Anthisnes/Cartographies/Deplacement_origine_Huy-Waremme_Anthisnes.jpg
Anthisnes;Huy-Waremme;Deplacements_journee;https://spiliege.sharepoint.com/sites/Diagnosticterritorial/Documents%20partages/Diagnostic%20territorial/2.%20Documents%20ADT/Documents%20Spi/2.%20Echelle%20communale/Anthisnes/Cartographies/Deplacements_journee_Huy-Waremme_Anthisnes.jpg
Anthisnes;Huy-Waremme;Mobilite_Commune_Autres;https://spiliege.sharepoint.com/sites/Diagnosticterritorial/Documents%20partages/Diagnostic%20territorial/2.%20Documents%20ADT/Documents%20Spi/2.%20Echelle%20communale/Anthisnes/Cartographies/Mobilite_Commune_Autres_Huy-Waremme_Anthisnes.jpg
Anthisnes;Huy-Waremme;Mobilite_Commune_TC;https://spiliege.sharepoint.com/sites/Diagnosticterritorial/Documents%20partages/Diagnostic%20territorial/2.%20Documents%20ADT/Documents%20Spi/2.%20Echelle%20communale/Anthisnes/Cartographies/Mobilite_Commune_TC_Huy-Waremme_Anthisnes.jpg
Aubel;Verviers;Deplacement_destination;https://spiliege.sharepoint.com/sites/Diagnosticterritorial/Documents%20partages/Diagnostic%20territorial/2.%20Documents%20ADT/Documents%20Spi/2.%20Echelle%20communale/Aubel/Cartographies/Deplacement_destination_Verviers_Aubel.jpg
Aubel;Verviers;Deplacement_origine;https://spiliege.sharepoint.com/sites/Diagnosticterritorial/Documents%20partages/Diagnostic%20territorial/2.%20Documents%20ADT/Documents%20Spi/2.%20Echelle%20communale/Aubel/Cartographies/Deplacement_origine_Verviers_Aubel.jpg
Aubel;Verviers;Deplacements_journee;https://spiliege.sharepoint.com/sites/Diagnosticterritorial/Documents%20partages/Diagnostic%20territorial/2.%20Documents%20ADT/Documents%20Spi/2.%20Echelle%20communale/Aubel/Cartographies/Deplacements_journee_Verviers_Aubel.jpg
Aubel;Verviers;Mobilite_Commune_Autres;https://spiliege.sharepoint.com/sites/Diagnosticterritorial/Documents%20partages/Diagnostic%20territorial/2.%20Documents%20ADT/Documents%20Spi/2.%20Echelle%20communale/Aubel/Cartographies/Mobilite_Commune_Autres_Verviers_Aubel.jpg
Aubel;Verviers;Mobilite_Commune_TC;https://spiliege.sharepoint.com/sites/Diagnosticterritorial/Documents%20partages/Diagnostic%20territorial/2.%20Documents%20ADT/Documents%20Spi/2.%20Echelle%20communale/Aubel/Cartographies/Mobilite_Commune_TC_Verviers_Aubel.jpg
Awans;Liège;Deplacement_destination;https://spiliege.sharepoint.com/sites/Diagnosticterritorial/Documents%20partages/Diagnostic%20territorial/2.%20Documents%20ADT/Documents%20Spi/2.%20Echelle%20communale/Awans/Cartographies/Deplacement_destination_Liège_Awans.jpg
Awans;Liège;Deplacement_origine;https://spiliege.sharepoint.com/sites/Diagnosticterritorial/Documents%20partages/Diagnostic%20territorial/2.%20Documents%20ADT/Documents%20Spi/2.%20Echelle%20communale/Awans/Cartographies/Deplacement_origine_Liège_Awans.jpg
Awans;Liège;Deplacements_journee;https://spiliege.sharepoint.com/sites/Diagnosticterritorial/Documents%20partages/Diagnostic%20territorial/2.%20Documents%20ADT/Documents%20Spi/2.%20Echelle%20communale/Awans/Cartographies/Deplacements_journee_Liège_Awans.jpg
Awans;Liège;Mobilite_Commune_Autres;https://spiliege.sharepoint.com/sites/Diagnosticterritorial/Documents%20partages/Diagnostic%20territorial/2.%20Documents%20ADT/Documents%20Spi/2.%20Echelle%20communale/Awans/Cartographies/Mobilite_Commune_Autres_Liège_Awans.jpg
Awans;Liège;Mobilite_Commune_TC;https://spiliege.sharepoint.com/sites/Diagnosticterritorial/Documents%20partages/Diagnostic%20territorial/2.%20Documents%20ADT/Documents%20Spi/2.%20Echelle%20communale/Awans/Cartographies/Mobilite_Commune_TC_Liège_Awans.jpg
Aywaille;Liège;Deplacement_destination;https://spiliege.sharepoint.com/sites/Diagnosticterritorial/Documents%20partages/Diagnostic%20territorial/2.%20Documents%20ADT/Documents%20Spi/2.%20Echelle%20communale/Aywaille/Cartographies/Deplacement_destination_Liège_Aywaille.jpg
Aywaille;Liège;Deplacement_origine;https://spiliege.sharepoint.com/sites/Diagnosticterritorial/Documents%20partages/Diagnostic%20territorial/2.%20Documents%20ADT/Documents%20Spi/2.%20Echelle%20communale/Aywaille/Cartographies/Deplacement_origine_Liège_Aywaille.jpg
Aywaille;Liège;Deplacements_journee;https://spiliege.sharepoint.com/sites/Diagnosticterritorial/Documents%20partages/Diagnostic%20territorial/2.%20Documents%20ADT/Documents%20Spi/2.%20Echelle%20communale/Aywaille/Cartographies/Deplacements_journee_Liège_Aywaille.jpg
Aywaille;Liège;Mobilite_Commune_Autres;https://spiliege.sharepoint.com/sites/Diagnosticterritorial/Documents%20partages/Diagnostic%20territorial/2.%20Documents%20ADT/Documents%20Spi/2.%20Echelle%20communale/Aywaille/Cartographies/Mobilite_Commune_Autres_Liège_Aywaille.jpg
Aywaille;Liège;Mobilite_Commune_TC;https://spiliege.sharepoint.com/sites/Diagnosticterritorial/Documents%20partages/Diagnostic%20territorial/2.%20Documents%20ADT/Documents%20Spi/2.%20Echelle%20communale/Aywaille/Cartographies/Mobilite_Commune_TC_Liège_Aywaille.jpg
Baelen;Verviers;Deplacement_destination;https://spiliege.sharepoint.com/sites/Diagnosticterritorial/Documents%20partages/Diagnostic%20territorial/2.%20Documents%20ADT/Documents%20Spi/2.%20Echelle%20communale/Baelen/Cartographies/Deplacement_destination_Verviers_Baelen.jpg
Baelen;Verviers;Deplacement_origine;https://spiliege.sharepoint.com/sites/Diagnosticterritorial/Documents%20partages/Diagnostic%20territorial/2.%20Documents%20ADT/Documents%20Spi/2.%20Echelle%20communale/Baelen/Cartographies/Deplacement_origine_Verviers_Baelen.jpg
Baelen;Verviers;Deplacements_journee;https://spiliege.sharepoint.com/sites/Diagnosticterritorial/Documents%20partages/Diagnostic%20territorial/2.%20Documents%20ADT/Documents%20Spi/2.%20Echelle%20communale/Baelen/Cartographies/Deplacements_journee_Verviers_Baelen.jpg
Baelen;Verviers;Mobilite_Commune_Autres;https://spiliege.sharepoint.com/sites/Diagnosticterritorial/Documents%20partages/Diagnostic%20territorial/2.%20Documents%20ADT/Documents%20Spi/2.%20Echelle%20communale/Baelen/Cartographies/Mobilite_Commune_Autres_Verviers_Baelen.jpg
Baelen;Verviers;Mobilite_Commune_TC;https://spiliege.sharepoint.com/sites/Diagnosticterritorial/Documents%20partages/Diagnostic%20territorial/2.%20Documents%20ADT/Documents%20Spi/2.%20Echelle%20communale/Baelen/Cartographies/Mobilite_Commune_TC_Verviers_Baelen.jpg
Bassenge;Liège;Deplacement_destination;https://spiliege.sharepoint.com/sites/Diagnosticterritorial/Documents%20partages/Diagnostic%20territorial/2.%20Documents%20ADT/Documents%20Spi/2.%20Echelle%20communale/Bassenge/Cartographies/Deplacement_destination_Liège_Bassenge.jpg
Bassenge;Liège;Deplacement_origine;https://spiliege.sharepoint.com/sites/Diagnosticterritorial/Documents%20partages/Diagnostic%20territorial/2.%20Documents%20ADT/Documents%20Spi/2.%20Echelle%20communale/Bassenge/Cartographies/Deplacement_origine_Liège_Bassenge.jpg
Bassenge;Liège;Deplacements_journee;https://spiliege.sharepoint.com/sites/Diagnosticterritorial/Documents%20partages/Diagnostic%20territorial/2.%20Documents%20ADT/Documents%20Spi/2.%20Echelle%20communale/Bassenge/Cartographies/Deplacements_journee_Liège_Bassenge.jpg
Bassenge;Liège;Mobilite_Commune_Autres;https://spiliege.sharepoint.com/sites/Diagnosticterritorial/Documents%20partages/Diagnostic%20territorial/2.%20Documents%20ADT/Documents%20Spi/2.%20Echelle%20communale/Bassenge/Cartographies/Mobilite_Commune_Autres_Liège_Bassenge.jpg
Bassenge;Liège;Mobilite_Commune_TC;https://spiliege.sharepoint.com/sites/Diagnosticterritorial/Documents%20partages/Diagnostic%20territorial/2.%20Documents%20ADT/Documents%20Spi/2.%20Echelle%20communale/Bassenge/Cartographies/Mobilite_Commune_TC_Liège_Bassenge.jpg
Berloz;Huy-Waremme;Deplacement_destination;https://spiliege.sharepoint.com/sites/Diagnosticterritorial/Documents%20partages/Diagnostic%20territorial/2.%20Documents%20ADT/Documents%20Spi/2.%20Echelle%20communale/Berloz/Cartographies/Deplacement_destination_Huy-Waremme_Berloz.jpg
Berloz;Huy-Waremme;Deplacement_origine;https://spiliege.sharepoint.com/sites/Diagnosticterritorial/Documents%20partages/Diagnostic%20territorial/2.%20Documents%20ADT/Documents%20Spi/2.%20Echelle%20communale/Berloz/Cartographies/Deplacement_origine_Huy-Waremme_Berloz.jpg
Berloz;Huy-Waremme;Deplacements_journee;https://spiliege.sharepoint.com/sites/Diagnosticterritorial/Documents%20partages/Diagnostic%20territorial/2.%20Documents%20ADT/Documents%20Spi/2.%20Echelle%20communale/Berloz/Cartographies/Deplacements_journee_Huy-Waremme_Berloz.jpg
Berloz;Huy-Waremme;Mobilite_Commune_Autres;https://spiliege.sharepoint.com/sites/Diagnosticterritorial/Documents%20partages/Diagnostic%20territorial/2.%20Documents%20ADT/Documents%20Spi/2.%20Echelle%20communale/Berloz/Cartographies/Mobilite_Commune_Autres_Huy-Waremme_Berloz.jpg
Berloz;Huy-Waremme;Mobilite_Commune_TC;https://spiliege.sharepoint.com/sites/Diagnosticterritorial/Documents%20partages/Diagnostic%20territorial/2.%20Documents%20ADT/Documents%20Spi/2.%20Echelle%20communale/Berloz/Cartographies/Mobilite_Commune_TC_Huy-Waremme_Berloz.jpg
Beyne-Heusay;Liège;Deplacement_destination;https://spiliege.sharepoint.com/sites/Diagnosticterritorial/Documents%20partages/Diagnostic%20territorial/2.%20Documents%20ADT/Documents%20Spi/2.%20Echelle%20communale/Beyne-Heusay/Cartographies/Deplacement_destination_Liège_Beyne-Heusay.jpg
Beyne-Heusay;Liège;Deplacement_origine;https://spiliege.sharepoint.com/sites/Diagnosticterritorial/Documents%20partages/Diagnostic%20territorial/2.%20Documents%20ADT/Documents%20Spi/2.%20Echelle%20communale/Beyne-Heusay/Cartographies/Deplacement_origine_Liège_Beyne-Heusay.jpg
Beyne-Heusay;Liège;Deplacements_journee;https://spiliege.sharepoint.com/sites/Diagnosticterritorial/Documents%20partages/Diagnostic%20territorial/2.%20Documents%20ADT/Documents%20Spi/2.%20Echelle%20communale/Beyne-Heusay/Cartographies/Deplacements_journee_Liège_Beyne-Heusay.jpg
Beyne-Heusay;Liège;Mobilite_Commune_Autres;https://spiliege.sharepoint.com/sites/Diagnosticterritorial/Documents%20partages/Diagnostic%20territorial/2.%20Documents%20ADT/Documents%20Spi/2.%20Echelle%20communale/Beyne-Heusay/Cartographies/Mobilite_Commune_Autres_Liège_Beyne-Heusay.jpg
Beyne-Heusay;Liège;Mobilite_Commune_TC;https://spiliege.sharepoint.com/sites/Diagnosticterritorial/Documents%20partages/Diagnostic%20territorial/2.%20Documents%20ADT/Documents%20Spi/2.%20Echelle%20communale/Beyne-Heusay/Cartographies/Mobilite_Commune_TC_Liège_Beyne-Heusay.jpg
Blegny;Liège;Deplacement_destination;https://spiliege.sharepoint.com/sites/Diagnosticterritorial/Documents%20partages/Diagnostic%20territorial/2.%20Documents%20ADT/Documents%20Spi/2.%20Echelle%20communale/Blegny/Cartographies/Deplacement_destination_Liège_Blegny.jpg
Blegny;Liège;Deplacement_origine;https://spiliege.sharepoint.com/sites/Diagnosticterritorial/Documents%20partages/Diagnostic%20territorial/2.%20Documents%20ADT/Documents%20Spi/2.%20Echelle%20communale/Blegny/Cartographies/Deplacement_origine_Liège_Blegny.jpg
Blegny;Liège;Deplacements_journee;https://spiliege.sharepoint.com/sites/Diagnosticterritorial/Documents%20partages/Diagnostic%20territorial/2.%20Documents%20ADT/Documents%20Spi/2.%20Echelle%20communale/Blegny/Cartographies/Deplacements_journee_Liège_Blegny.jpg
Blegny;Liège;Mobilite_Commune_Autres;https://spiliege.sharepoint.com/sites/Diagnosticterritorial/Documents%20partages/Diagnostic%20territorial/2.%20Documents%20ADT/Documents%20Spi/2.%20Echelle%20communale/Blegny/Cartographies/Mobilite_Commune_Autres_Liège_Blegny.jpg
Blegny;Liège;Mobilite_Commune_TC;https://spiliege.sharepoint.com/sites/Diagnosticterritorial/Documents%20partages/Diagnostic%20territorial/2.%20Documents%20ADT/Documents%20Spi/2.%20Echelle%20communale/Blegny/Cartographies/Mobilite_Commune_TC_Liège_Blegny.jpg
Braives;Huy-Waremme;Deplacement_destination;https://spiliege.sharepoint.com/sites/Diagnosticterritorial/Documents%20partages/Diagnostic%20territorial/2.%20Documents%20ADT/Documents%20Spi/2.%20Echelle%20communale/Braives/Cartographies/Deplacement_destination_Huy-Waremme_Braives.jpg
Braives;Huy-Waremme;Deplacement_origine;https://spiliege.sharepoint.com/sites/Diagnosticterritorial/Documents%20partages/Diagnostic%20territorial/2.%20Documents%20ADT/Documents%20Spi/2.%20Echelle%20communale/Braives/Cartographies/Deplacement_origine_Huy-Waremme_Braives.jpg
Braives;Huy-Waremme;Deplacements_journee;https://spiliege.sharepoint.com/sites/Diagnosticterritorial/Documents%20partages/Diagnostic%20territorial/2.%20Documents%20ADT/Documents%20Spi/2.%20Echelle%20communale/Braives/Cartographies/Deplacements_journee_Huy-Waremme_Braives.jpg
Braives;Huy-Waremme;Mobilite_Commune_Autres;https://spiliege.sharepoint.com/sites/Diagnosticterritorial/Documents%20partages/Diagnostic%20territorial/2.%20Documents%20ADT/Documents%20Spi/2.%20Echelle%20communale/Braives/Cartographies/Mobilite_Commune_Autres_Huy-Waremme_Braives.jpg
Braives;Huy-Waremme;Mobilite_Commune_TC;https://spiliege.sharepoint.com/sites/Diagnosticterritorial/Documents%20partages/Diagnostic%20territorial/2.%20Documents%20ADT/Documents%20Spi/2.%20Echelle%20communale/Braives/Cartographies/Mobilite_Commune_TC_Huy-Waremme_Braives.jpg
Burdinne;Huy-Waremme;Deplacement_destination;https://spiliege.sharepoint.com/sites/Diagnosticterritorial/Documents%20partages/Diagnostic%20territorial/2.%20Documents%20ADT/Documents%20Spi/2.%20Echelle%20communale/Burdinne/Cartographies/Deplacement_destination_Huy-Waremme_Burdinne.jpg
Burdinne;Huy-Waremme;Deplacement_origine;https://spiliege.sharepoint.com/sites/Diagnosticterritorial/Documents%20partages/Diagnostic%20territorial/2.%20Documents%20ADT/Documents%20Spi/2.%20Echelle%20communale/Burdinne/Cartographies/Deplacement_origine_Huy-Waremme_Burdinne.jpg
Burdinne;Huy-Waremme;Deplacements_journee;https://spiliege.sharepoint.com/sites/Diagnosticterritorial/Documents%20partages/Diagnostic%20territorial/2.%20Documents%20ADT/Documents%20Spi/2.%20Echelle%20communale/Burdinne/Cartographies/Deplacements_journee_Huy-Waremme_Burdinne.jpg
Burdinne;Huy-Waremme;Mobilite_Commune_Autres;https://spiliege.sharepoint.com/sites/Diagnosticterritorial/Documents%20partages/Diagnostic%20territorial/2.%20Documents%20ADT/Documents%20Spi/2.%20Echelle%20communale/Burdinne/Cartographies/Mobilite_Commune_Autres_Huy-Waremme_Burdinne.jpg
Burdinne;Huy-Waremme;Mobilite_Commune_TC;https://spiliege.sharepoint.com/sites/Diagnosticterritorial/Documents%20partages/Diagnostic%20territorial/2.%20Documents%20ADT/Documents%20Spi/2.%20Echelle%20communale/Burdinne/Cartographies/Mobilite_Commune_TC_Huy-Waremme_Burdinne.jpg
Chaudfontaine;Liège;Deplacement_destination;https://spiliege.sharepoint.com/sites/Diagnosticterritorial/Documents%20partages/Diagnostic%20territorial/2.%20Documents%20ADT/Documents%20Spi/2.%20Echelle%20communale/Chaudfontaine/Cartographies/Deplacement_destination_Liège_Chaudfontaine.jpg
Chaudfontaine;Liège;Deplacement_origine;https://spiliege.sharepoint.com/sites/Diagnosticterritorial/Documents%20partages/Diagnostic%20territorial/2.%20Documents%20ADT/Documents%20Spi/2.%20Echelle%20communale/Chaudfontaine/Cartographies/Deplacement_origine_Liège_Chaudfontaine.jpg
Chaudfontaine;Liège;Deplacements_journee;https://spiliege.sharepoint.com/sites/Diagnosticterritorial/Documents%20partages/Diagnostic%20territorial/2.%20Documents%20ADT/Documents%20Spi/2.%20Echelle%20communale/Chaudfontaine/Cartographies/Deplacements_journee_Liège_Chaudfontaine.jpg
Chaudfontaine;Liège;Mobilite_Commune_Autres;https://spiliege.sharepoint.com/sites/Diagnosticterritorial/Documents%20partages/Diagnostic%20territorial/2.%20Documents%20ADT/Documents%20Spi/2.%20Echelle%20communale/Chaudfontaine/Cartographies/Mobilite_Commune_Autres_Liège_Chaudfontaine.jpg
Chaudfontaine;Liège;Mobilite_Commune_TC;https://spiliege.sharepoint.com/sites/Diagnosticterritorial/Documents%20partages/Diagnostic%20territorial/2.%20Documents%20ADT/Documents%20Spi/2.%20Echelle%20communale/Chaudfontaine/Cartographies/Mobilite_Commune_TC_Liège_Chaudfontaine.jpg
Clavier;Huy-Waremme;Deplacement_destination;https://spiliege.sharepoint.com/sites/Diagnosticterritorial/Documents%20partages/Diagnostic%20territorial/2.%20Documents%20ADT/Documents%20Spi/2.%20Echelle%20communale/Clavier/Cartographies/Deplacement_destination_Huy-Waremme_Clavier.jpg
Clavier;Huy-Waremme;Deplacement_origine;https://spiliege.sharepoint.com/sites/Diagnosticterritorial/Documents%20partages/Diagnostic%20territorial/2.%20Documents%20ADT/Documents%20Spi/2.%20Echelle%20communale/Clavier/Cartographies/Deplacement_origine_Huy-Waremme_Clavier.jpg
Clavier;Huy-Waremme;Deplacements_journee;https://spiliege.sharepoint.com/sites/Diagnosticterritorial/Documents%20partages/Diagnostic%20territorial/2.%20Documents%20ADT/Documents%20Spi/2.%20Echelle%20communale/Clavier/Cartographies/Deplacements_journee_Huy-Waremme_Clavier.jpg
Clavier;Huy-Waremme;Mobilite_Commune_Autres;https://spiliege.sharepoint.com/sites/Diagnosticterritorial/Documents%20partages/Diagnostic%20territorial/2.%20Documents%20ADT/Documents%20Spi/2.%20Echelle%20communale/Clavier/Cartographies/Mobilite_Commune_Autres_Huy-Waremme_Clavier.jpg
Clavier;Huy-Waremme;Mobilite_Commune_TC;https://spiliege.sharepoint.com/sites/Diagnosticterritorial/Documents%20partages/Diagnostic%20territorial/2.%20Documents%20ADT/Documents%20Spi/2.%20Echelle%20communale/Clavier/Cartographies/Mobilite_Commune_TC_Huy-Waremme_Clavier.jpg
Comblain-au-Pont;Liège;Deplacement_destination;https://spiliege.sharepoint.com/sites/Diagnosticterritorial/Documents%20partages/Diagnostic%20territorial/2.%20Documents%20ADT/Documents%20Spi/2.%20Echelle%20communale/Comblain-au-Pont/Cartographies/Deplacement_destination_Liège_Comblain-au-Pont.jpg
Comblain-au-Pont;Liège;Deplacement_origine;https://spiliege.sharepoint.com/sites/Diagnosticterritorial/Documents%20partages/Diagnostic%20territorial/2.%20Documents%20ADT/Documents%20Spi/2.%20Echelle%20communale/Comblain-au-Pont/Cartographies/Deplacement_origine_Liège_Comblain-au-Pont.jpg
Comblain-au-Pont;Liège;Deplacements_journee;https://spiliege.sharepoint.com/sites/Diagnosticterritorial/Documents%20partages/Diagnostic%20territorial/2.%20Documents%20ADT/Documents%20Spi/2.%20Echelle%20communale/Comblain-au-Pont/Cartographies/Deplacements_journee_Liège_Comblain-au-Pont.jpg
Comblain-au-Pont;Liège;Mobilite_Commune_Autres;https://spiliege.sharepoint.com/sites/Diagnosticterritorial/Documents%20partages/Diagnostic%20territorial/2.%20Documents%20ADT/Documents%20Spi/2.%20Echelle%20communale/Comblain-au-Pont/Cartographies/Mobilite_Commune_Autres_Liège_Comblain-au-Pont.jpg
Comblain-au-Pont;Liège;Mobilite_Commune_TC;https://spiliege.sharepoint.com/sites/Diagnosticterritorial/Documents%20partages/Diagnostic%20territorial/2.%20Documents%20ADT/Documents%20Spi/2.%20Echelle%20communale/Comblain-au-Pont/Cartographies/Mobilite_Commune_TC_Liège_Comblain-au-Pont.jpg
Crisnée;Huy-Waremme;Deplacement_destination;https://spiliege.sharepoint.com/sites/Diagnosticterritorial/Documents%20partages/Diagnostic%20territorial/2.%20Documents%20ADT/Documents%20Spi/2.%20Echelle%20communale/Crisnée/Cartographies/Deplacement_destination_Huy-Waremme_Crisnée.jpg
Crisnée;Huy-Waremme;Deplacement_origine;https://spiliege.sharepoint.com/sites/Diagnosticterritorial/Documents%20partages/Diagnostic%20territorial/2.%20Documents%20ADT/Documents%20Spi/2.%20Echelle%20communale/Crisnée/Cartographies/Deplacement_origine_Huy-Waremme_Crisnée.jpg
Crisnée;Huy-Waremme;Deplacements_journee;https://spiliege.sharepoint.com/sites/Diagnosticterritorial/Documents%20partages/Diagnostic%20territorial/2.%20Documents%20ADT/Documents%20Spi/2.%20Echelle%20communale/Crisnée/Cartographies/Deplacements_journee_Huy-Waremme_Crisnée.jpg
Crisnée;Huy-Waremme;Mobilite_Commune_Autres;https://spiliege.sharepoint.com/sites/Diagnosticterritorial/Documents%20partages/Diagnostic%20territorial/2.%20Documents%20ADT/Documents%20Spi/2.%20Echelle%20communale/Crisnée/Cartographies/Mobilite_Commune_Autres_Huy-Waremme_Crisnée.jpg
Crisnée;Huy-Waremme;Mobilite_Commune_TC;https://spiliege.sharepoint.com/sites/Diagnosticterritorial/Documents%20partages/Diagnostic%20territorial/2.%20Documents%20ADT/Documents%20Spi/2.%20Echelle%20communale/Crisnée/Cartographies/Mobilite_Commune_TC_Huy-Waremme_Crisnée.jpg
Dalhem;Liège;Deplacement_destination;https://spiliege.sharepoint.com/sites/Diagnosticterritorial/Documents%20partages/Diagnostic%20territorial/2.%20Documents%20ADT/Documents%20Spi/2.%20Echelle%20communale/Dalhem/Cartographies/Deplacement_destination_Liège_Dalhem.jpg
Dalhem;Liège;Deplacement_origine;https://spiliege.sharepoint.com/sites/Diagnosticterritorial/Documents%20partages/Diagnostic%20territorial/2.%20Documents%20ADT/Documents%20Spi/2.%20Echelle%20communale/Dalhem/Cartographies/Deplacement_origine_Liège_Dalhem.jpg
Dalhem;Liège;Deplacements_journee;https://spiliege.sharepoint.com/sites/Diagnosticterritorial/Documents%20partages/Diagnostic%20territorial/2.%20Documents%20ADT/Documents%20Spi/2.%20Echelle%20communale/Dalhem/Cartographies/Deplacements_journee_Liège_Dalhem.jpg
Dalhem;Liège;Mobilite_Commune_Autres;https://spiliege.sharepoint.com/sites/Diagnosticterritorial/Documents%20partages/Diagnostic%20territorial/2.%20Documents%20ADT/Documents%20Spi/2.%20Echelle%20communale/Dalhem/Cartographies/Mobilite_Commune_Autres_Liège_Dalhem.jpg
Dalhem;Liège;Mobilite_Commune_TC;https://spiliege.sharepoint.com/sites/Diagnosticterritorial/Documents%20partages/Diagnostic%20territorial/2.%20Documents%20ADT/Documents%20Spi/2.%20Echelle%20communale/Dalhem/Cartographies/Mobilite_Commune_TC_Liège_Dalhem.jpg
Dison;Verviers;Deplacement_destination;https://spiliege.sharepoint.com/sites/Diagnosticterritorial/Documents%20partages/Diagnostic%20territorial/2.%20Documents%20ADT/Documents%20Spi/2.%20Echelle%20communale/Dison/Cartographies/Deplacement_destination_Verviers_Dison.jpg
Dison;Verviers;Deplacement_origine;https://spiliege.sharepoint.com/sites/Diagnosticterritorial/Documents%20partages/Diagnostic%20territorial/2.%20Documents%20ADT/Documents%20Spi/2.%20Echelle%20communale/Dison/Cartographies/Deplacement_origine_Verviers_Dison.jpg
Dison;Verviers;Deplacements_journee;https://spiliege.sharepoint.com/sites/Diagnosticterritorial/Documents%20partages/Diagnostic%20territorial/2.%20Documents%20ADT/Documents%20Spi/2.%20Echelle%20communale/Dison/Cartographies/Deplacements_journee_Verviers_Dison.jpg
Dison;Verviers;Mobilite_Commune_Autres;https://spiliege.sharepoint.com/sites/Diagnosticterritorial/Documents%20partages/Diagnostic%20territorial/2.%20Documents%20ADT/Documents%20Spi/2.%20Echelle%20communale/Dison/Cartographies/Mobilite_Commune_Autres_Verviers_Dison.jpg
Dison;Verviers;Mobilite_Commune_TC;https://spiliege.sharepoint.com/sites/Diagnosticterritorial/Documents%20partages/Diagnostic%20territorial/2.%20Documents%20ADT/Documents%20Spi/2.%20Echelle%20communale/Dison/Cartographies/Mobilite_Commune_TC_Verviers_Dison.jpg
Donceel;Huy-Waremme;Deplacement_destination;https://spiliege.sharepoint.com/sites/Diagnosticterritorial/Documents%20partages/Diagnostic%20territorial/2.%20Documents%20ADT/Documents%20Spi/2.%20Echelle%20communale/Donceel/Cartographies/Deplacement_destination_Huy-Waremme_Donceel.jpg
Donceel;Huy-Waremme;Deplacement_origine;https://spiliege.sharepoint.com/sites/Diagnosticterritorial/Documents%20partages/Diagnostic%20territorial/2.%20Documents%20ADT/Documents%20Spi/2.%20Echelle%20communale/Donceel/Cartographies/Deplacement_origine_Huy-Waremme_Donceel.jpg
Donceel;Huy-Waremme;Deplacements_journee;https://spiliege.sharepoint.com/sites/Diagnosticterritorial/Documents%20partages/Diagnostic%20territorial/2.%20Documents%20ADT/Documents%20Spi/2.%20Echelle%20communale/Donceel/Cartographies/Deplacements_journee_Huy-Waremme_Donceel.jpg
Donceel;Huy-Waremme;Mobilite_Commune_Autres;https://spiliege.sharepoint.com/sites/Diagnosticterritorial/Documents%20partages/Diagnostic%20territorial/2.%20Documents%20ADT/Documents%20Spi/2.%20Echelle%20communale/Donceel/Cartographies/Mobilite_Commune_Autres_Huy-Waremme_Donceel.jpg
Donceel;Huy-Waremme;Mobilite_Commune_TC;https://spiliege.sharepoint.com/sites/Diagnosticterritorial/Documents%20partages/Diagnostic%20territorial/2.%20Documents%20ADT/Documents%20Spi/2.%20Echelle%20communale/Donceel/Cartographies/Mobilite_Commune_TC_Huy-Waremme_Donceel.jpg
Engis;Huy-Waremme;Deplacement_destination;https://spiliege.sharepoint.com/sites/Diagnosticterritorial/Documents%20partages/Diagnostic%20territorial/2.%20Documents%20ADT/Documents%20Spi/2.%20Echelle%20communale/Engis/Cartographies/Deplacement_destination_Huy-Waremme_Engis.jpg
Engis;Huy-Waremme;Deplacement_origine;https://spiliege.sharepoint.com/sites/Diagnosticterritorial/Documents%20partages/Diagnostic%20territorial/2.%20Documents%20ADT/Documents%20Spi/2.%20Echelle%20communale/Engis/Cartographies/Deplacement_origine_Huy-Waremme_Engis.jpg
Engis;Huy-Waremme;Deplacements_journee;https://spiliege.sharepoint.com/sites/Diagnosticterritorial/Documents%20partages/Diagnostic%20territorial/2.%20Documents%20ADT/Documents%20Spi/2.%20Echelle%20communale/Engis/Cartographies/Deplacements_journee_Huy-Waremme_Engis.jpg
Engis;Huy-Waremme;Mobilite_Commune_Autres;https://spiliege.sharepoint.com/sites/Diagnosticterritorial/Documents%20partages/Diagnostic%20territorial/2.%20Documents%20ADT/Documents%20Spi/2.%20Echelle%20communale/Engis/Cartographies/Mobilite_Commune_Autres_Huy-Waremme_Engis.jpg
Engis;Huy-Waremme;Mobilite_Commune_TC;https://spiliege.sharepoint.com/sites/Diagnosticterritorial/Documents%20partages/Diagnostic%20territorial/2.%20Documents%20ADT/Documents%20Spi/2.%20Echelle%20communale/Engis/Cartographies/Mobilite_Commune_TC_Huy-Waremme_Engis.jpg
Esneux;Liège;Deplacement_destination;https://spiliege.sharepoint.com/sites/Diagnosticterritorial/Documents%20partages/Diagnostic%20territorial/2.%20Documents%20ADT/Documents%20Spi/2.%20Echelle%20communale/Esneux/Cartographies/Deplacement_destination_Liège_Esneux.jpg
Esneux;Liège;Deplacement_origine;https://spiliege.sharepoint.com/sites/Diagnosticterritorial/Documents%20partages/Diagnostic%20territorial/2.%20Documents%20ADT/Documents%20Spi/2.%20Echelle%20communale/Esneux/Cartographies/Deplacement_origine_Liège_Esneux.jpg
Esneux;Liège;Deplacements_journee;https://spiliege.sharepoint.com/sites/Diagnosticterritorial/Documents%20partages/Diagnostic%20territorial/2.%20Documents%20ADT/Documents%20Spi/2.%20Echelle%20communale/Esneux/Cartographies/Deplacements_journee_Liège_Esneux.jpg
Esneux;Liège;Mobilite_Commune_Autres;https://spiliege.sharepoint.com/sites/Diagnosticterritorial/Documents%20partages/Diagnostic%20territorial/2.%20Documents%20ADT/Documents%20Spi/2.%20Echelle%20communale/Esneux/Cartographies/Mobilite_Commune_Autres_Liège_Esneux.jpg
Esneux;Liège;Mobilite_Commune_TC;https://spiliege.sharepoint.com/sites/Diagnosticterritorial/Documents%20partages/Diagnostic%20territorial/2.%20Documents%20ADT/Documents%20Spi/2.%20Echelle%20communale/Esneux/Cartographies/Mobilite_Commune_TC_Liège_Esneux.jpg
Faimes;Huy-Waremme;Deplacement_destination;https://spiliege.sharepoint.com/sites/Diagnosticterritorial/Documents%20partages/Diagnostic%20territorial/2.%20Documents%20ADT/Documents%20Spi/2.%20Echelle%20communale/Faimes/Cartographies/Deplacement_destination_Huy-Waremme_Faimes.jpg
Faimes;Huy-Waremme;Deplacement_origine;https://spiliege.sharepoint.com/sites/Diagnosticterritorial/Documents%20partages/Diagnostic%20territorial/2.%20Documents%20ADT/Documents%20Spi/2.%20Echelle%20communale/Faimes/Cartographies/Deplacement_origine_Huy-Waremme_Faimes.jpg
Faimes;Huy-Waremme;Deplacements_journee;https://spiliege.sharepoint.com/sites/Diagnosticterritorial/Documents%20partages/Diagnostic%20territorial/2.%20Documents%20ADT/Documents%20Spi/2.%20Echelle%20communale/Faimes/Cartographies/Deplacements_journee_Huy-Waremme_Faimes.jpg
Faimes;Huy-Waremme;Mobilite_Commune_Autres;https://spiliege.sharepoint.com/sites/Diagnosticterritorial/Documents%20partages/Diagnostic%20territorial/2.%20Documents%20ADT/Documents%20Spi/2.%20Echelle%20communale/Faimes/Cartographies/Mobilite_Commune_Autres_Huy-Waremme_Faimes.jpg
Faimes;Huy-Waremme;Mobilite_Commune_TC;https://spiliege.sharepoint.com/sites/Diagnosticterritorial/Documents%20partages/Diagnostic%20territorial/2.%20Documents%20ADT/Documents%20Spi/2.%20Echelle%20communale/Faimes/Cartographies/Mobilite_Commune_TC_Huy-Waremme_Faimes.jpg
Ferrières;Huy-Waremme;Deplacement_destination;https://spiliege.sharepoint.com/sites/Diagnosticterritorial/Documents%20partages/Diagnostic%20territorial/2.%20Documents%20ADT/Documents%20Spi/2.%20Echelle%20communale/Ferrières/Cartographies/Deplacement_destination_Huy-Waremme_Ferrières.jpg
Ferrières;Huy-Waremme;Deplacement_origine;https://spiliege.sharepoint.com/sites/Diagnosticterritorial/Documents%20partages/Diagnostic%20territorial/2.%20Documents%20ADT/Documents%20Spi/2.%20Echelle%20communale/Ferrières/Cartographies/Deplacement_origine_Huy-Waremme_Ferrières.jpg
Ferrières;Huy-Waremme;Deplacements_journee;https://spiliege.sharepoint.com/sites/Diagnosticterritorial/Documents%20partages/Diagnostic%20territorial/2.%20Documents%20ADT/Documents%20Spi/2.%20Echelle%20communale/Ferrières/Cartographies/Deplacements_journee_Huy-Waremme_Ferrières.jpg
Ferrières;Huy-Waremme;Mobilite_Commune_Autres;https://spiliege.sharepoint.com/sites/Diagnosticterritorial/Documents%20partages/Diagnostic%20territorial/2.%20Documents%20ADT/Documents%20Spi/2.%20Echelle%20communale/Ferrières/Cartographies/Mobilite_Commune_Autres_Huy-Waremme_Ferrières.jpg
Ferrières;Huy-Waremme;Mobilite_Commune_TC;https://spiliege.sharepoint.com/sites/Diagnosticterritorial/Documents%20partages/Diagnostic%20territorial/2.%20Documents%20ADT/Documents%20Spi/2.%20Echelle%20communale/Ferrières/Cartographies/Mobilite_Commune_TC_Huy-Waremme_Ferrières.jpg
Fexhe-le-Haut-Clocher;Huy-Waremme;Deplacement_destination;https://spiliege.sharepoint.com/sites/Diagnosticterritorial/Documents%20partages/Diagnostic%20territorial/2.%20Documents%20ADT/Documents%20Spi/2.%20Echelle%20communale/Fexhe-le-Haut-Clocher/Cartographies/Deplacement_destination_Huy-Waremme_Fexhe-le-Haut-Clocher.jpg
Fexhe-le-Haut-Clocher;Huy-Waremme;Deplacement_origine;https://spiliege.sharepoint.com/sites/Diagnosticterritorial/Documents%20partages/Diagnostic%20territorial/2.%20Documents%20ADT/Documents%20Spi/2.%20Echelle%20communale/Fexhe-le-Haut-Clocher/Cartographies/Deplacement_origine_Huy-Waremme_Fexhe-le-Haut-Clocher.jpg
Fexhe-le-Haut-Clocher;Huy-Waremme;Deplacements_journee;https://spiliege.sharepoint.com/sites/Diagnosticterritorial/Documents%20partages/Diagnostic%20territorial/2.%20Documents%20ADT/Documents%20Spi/2.%20Echelle%20communale/Fexhe-le-Haut-Clocher/Cartographies/Deplacements_journee_Huy-Waremme_Fexhe-le-Haut-Clocher.jpg
Fexhe-le-Haut-Clocher;Huy-Waremme;Mobilite_Commune_Autres;https://spiliege.sharepoint.com/sites/Diagnosticterritorial/Documents%20partages/Diagnostic%20territorial/2.%20Documents%20ADT/Documents%20Spi/2.%20Echelle%20communale/Fexhe-le-Haut-Clocher/Cartographies/Mobilite_Commune_Autres_Huy-Waremme_Fexhe-le-Haut-Clocher.jpg
Fexhe-le-Haut-Clocher;Huy-Waremme;Mobilite_Commune_TC;https://spiliege.sharepoint.com/sites/Diagnosticterritorial/Documents%20partages/Diagnostic%20territorial/2.%20Documents%20ADT/Documents%20Spi/2.%20Echelle%20communale/Fexhe-le-Haut-Clocher/Cartographies/Mobilite_Commune_TC_Huy-Waremme_Fexhe-le-Haut-Clocher.jpg
Flémalle;Liège;Deplacement_destination;https://spiliege.sharepoint.com/sites/Diagnosticterritorial/Documents%20partages/Diagnostic%20territorial/2.%20Documents%20ADT/Documents%20Spi/2.%20Echelle%20communale/Flémalle/Cartographies/Deplacement_destination_Liège_Flémalle.jpg
Flémalle;Liège;Deplacement_origine;https://spiliege.sharepoint.com/sites/Diagnosticterritorial/Documents%20partages/Diagnostic%20territorial/2.%20Documents%20ADT/Documents%20Spi/2.%20Echelle%20communale/Flémalle/Cartographies/Deplacement_origine_Liège_Flémalle.jpg
Flémalle;Liège;Deplacements_journee;https://spiliege.sharepoint.com/sites/Diagnosticterritorial/Documents%20partages/Diagnostic%20territorial/2.%20Documents%20ADT/Documents%20Spi/2.%20Echelle%20communale/Flémalle/Cartographies/Deplacements_journee_Liège_Flémalle.jpg
Flémalle;Liège;Mobilite_Commune_Autres;https://spiliege.sharepoint.com/sites/Diagnosticterritorial/Documents%20partages/Diagnostic%20territorial/2.%20Documents%20ADT/Documents%20Spi/2.%20Echelle%20communale/Flémalle/Cartographies/Mobilite_Commune_Autres_Liège_Flémalle.jpg
Flémalle;Liège;Mobilite_Commune_TC;https://spiliege.sharepoint.com/sites/Diagnosticterritorial/Documents%20partages/Diagnostic%20territorial/2.%20Documents%20ADT/Documents%20Spi/2.%20Echelle%20communale/Flémalle/Cartographies/Mobilite_Commune_TC_Liège_Flémalle.jpg
Fléron;Liège;Deplacement_destination;https://spiliege.sharepoint.com/sites/Diagnosticterritorial/Documents%20partages/Diagnostic%20territorial/2.%20Documents%20ADT/Documents%20Spi/2.%20Echelle%20communale/Fléron/Cartographies/Deplacement_destination_Liège_Fléron.jpg
Fléron;Liège;Deplacement_origine;https://spiliege.sharepoint.com/sites/Diagnosticterritorial/Documents%20partages/Diagnostic%20territorial/2.%20Documents%20ADT/Documents%20Spi/2.%20Echelle%20communale/Fléron/Cartographies/Deplacement_origine_Liège_Fléron.jpg
Fléron;Liège;Deplacements_journee;https://spiliege.sharepoint.com/sites/Diagnosticterritorial/Documents%20partages/Diagnostic%20territorial/2.%20Documents%20ADT/Documents%20Spi/2.%20Echelle%20communale/Fléron/Cartographies/Deplacements_journee_Liège_Fléron.jpg
Fléron;Liège;Mobilite_Commune_Autres;https://spiliege.sharepoint.com/sites/Diagnosticterritorial/Documents%20partages/Diagnostic%20territorial/2.%20Documents%20ADT/Documents%20Spi/2.%20Echelle%20communale/Fléron/Cartographies/Mobilite_Commune_Autres_Liège_Fléron.jpg
Fléron;Liège;Mobilite_Commune_TC;https://spiliege.sharepoint.com/sites/Diagnosticterritorial/Documents%20partages/Diagnostic%20territorial/2.%20Documents%20ADT/Documents%20Spi/2.%20Echelle%20communale/Fléron/Cartographies/Mobilite_Commune_TC_Liège_Fléron.jpg
Geer;Huy-Waremme;Deplacement_destination;https://spiliege.sharepoint.com/sites/Diagnosticterritorial/Documents%20partages/Diagnostic%20territorial/2.%20Documents%20ADT/Documents%20Spi/2.%20Echelle%20communale/Geer/Cartographies/Deplacement_destination_Huy-Waremme_Geer.jpg
Geer;Huy-Waremme;Deplacement_origine;https://spiliege.sharepoint.com/sites/Diagnosticterritorial/Documents%20partages/Diagnostic%20territorial/2.%20Documents%20ADT/Documents%20Spi/2.%20Echelle%20communale/Geer/Cartographies/Deplacement_origine_Huy-Waremme_Geer.jpg
Geer;Huy-Waremme;Deplacements_journee;https://spiliege.sharepoint.com/sites/Diagnosticterritorial/Documents%20partages/Diagnostic%20territorial/2.%20Documents%20ADT/Documents%20Spi/2.%20Echelle%20communale/Geer/Cartographies/Deplacements_journee_Huy-Waremme_Geer.jpg
Geer;Huy-Waremme;Mobilite_Commune_Autres;https://spiliege.sharepoint.com/sites/Diagnosticterritorial/Documents%20partages/Diagnostic%20territorial/2.%20Documents%20ADT/Documents%20Spi/2.%20Echelle%20communale/Geer/Cartographies/Mobilite_Commune_Autres_Huy-Waremme_Geer.jpg
Geer;Huy-Waremme;Mobilite_Commune_TC;https://spiliege.sharepoint.com/sites/Diagnosticterritorial/Documents%20partages/Diagnostic%20territorial/2.%20Documents%20ADT/Documents%20Spi/2.%20Echelle%20communale/Geer/Cartographies/Mobilite_Commune_TC_Huy-Waremme_Geer.jpg
Grâce-Hollogne;Liège;Deplacement_destination;https://spiliege.sharepoint.com/sites/Diagnosticterritorial/Documents%20partages/Diagnostic%20territorial/2.%20Documents%20ADT/Documents%20Spi/2.%20Echelle%20communale/Grâce-Hollogne/Cartographies/Deplacement_destination_Liège_Grâce-Hollogne.jpg
Grâce-Hollogne;Liège;Deplacement_origine;https://spiliege.sharepoint.com/sites/Diagnosticterritorial/Documents%20partages/Diagnostic%20territorial/2.%20Documents%20ADT/Documents%20Spi/2.%20Echelle%20communale/Grâce-Hollogne/Cartographies/Deplacement_origine_Liège_Grâce-Hollogne.jpg
Grâce-Hollogne;Liège;Deplacements_journee;https://spiliege.sharepoint.com/sites/Diagnosticterritorial/Documents%20partages/Diagnostic%20territorial/2.%20Documents%20ADT/Documents%20Spi/2.%20Echelle%20communale/Grâce-Hollogne/Cartographies/Deplacements_journee_Liège_Grâce-Hollogne.jpg
Grâce-Hollogne;Liège;Mobilite_Commune_Autres;https://spiliege.sharepoint.com/sites/Diagnosticterritorial/Documents%20partages/Diagnostic%20territorial/2.%20Documents%20ADT/Documents%20Spi/2.%20Echelle%20communale/Grâce-Hollogne/Cartographies/Mobilite_Commune_Autres_Liège_Grâce-Hollogne.jpg
Grâce-Hollogne;Liège;Mobilite_Commune_TC;https://spiliege.sharepoint.com/sites/Diagnosticterritorial/Documents%20partages/Diagnostic%20territorial/2.%20Documents%20ADT/Documents%20Spi/2.%20Echelle%20communale/Grâce-Hollogne/Cartographies/Mobilite_Commune_TC_Liège_Grâce-Hollogne.jpg
Hamoir;Huy-Waremme;Deplacement_destination;https://spiliege.sharepoint.com/sites/Diagnosticterritorial/Documents%20partages/Diagnostic%20territorial/2.%20Documents%20ADT/Documents%20Spi/2.%20Echelle%20communale/Hamoir/Cartographies/Deplacement_destination_Huy-Waremme_Hamoir.jpg
Hamoir;Huy-Waremme;Deplacement_origine;https://spiliege.sharepoint.com/sites/Diagnosticterritorial/Documents%20partages/Diagnostic%20territorial/2.%20Documents%20ADT/Documents%20Spi/2.%20Echelle%20communale/Hamoir/Cartographies/Deplacement_origine_Huy-Waremme_Hamoir.jpg
Hamoir;Huy-Waremme;Deplacements_journee;https://spiliege.sharepoint.com/sites/Diagnosticterritorial/Documents%20partages/Diagnostic%20territorial/2.%20Documents%20ADT/Documents%20Spi/2.%20Echelle%20communale/Hamoir/Cartographies/Deplacements_journee_Huy-Waremme_Hamoir.jpg
Hamoir;Huy-Waremme;Mobilite_Commune_Autres;https://spiliege.sharepoint.com/sites/Diagnosticterritorial/Documents%20partages/Diagnostic%20territorial/2.%20Documents%20ADT/Documents%20Spi/2.%20Echelle%20communale/Hamoir/Cartographies/Mobilite_Commune_Autres_Huy-Waremme_Hamoir.jpg
Hamoir;Huy-Waremme;Mobilite_Commune_TC;https://spiliege.sharepoint.com/sites/Diagnosticterritorial/Documents%20partages/Diagnostic%20territorial/2.%20Documents%20ADT/Documents%20Spi/2.%20Echelle%20communale/Hamoir/Cartographies/Mobilite_Commune_TC_Huy-Waremme_Hamoir.jpg
Hannut;Huy-Waremme;Deplacement_destination;https://spiliege.sharepoint.com/sites/Diagnosticterritorial/Documents%20partages/Diagnostic%20territorial/2.%20Documents%20ADT/Documents%20Spi/2.%20Echelle%20communale/Hannut/Cartographies/Deplacement_destination_Huy-Waremme_Hannut.jpg
Hannut;Huy-Waremme;Deplacement_origine;https://spiliege.sharepoint.com/sites/Diagnosticterritorial/Documents%20partages/Diagnostic%20territorial/2.%20Documents%20ADT/Documents%20Spi/2.%20Echelle%20communale/Hannut/Cartographies/Deplacement_origine_Huy-Waremme_Hannut.jpg
Hannut;Huy-Waremme;Deplacements_journee;https://spiliege.sharepoint.com/sites/Diagnosticterritorial/Documents%20partages/Diagnostic%20territorial/2.%20Documents%20ADT/Documents%20Spi/2.%20Echelle%20communale/Hannut/Cartographies/Deplacements_journee_Huy-Waremme_Hannut.jpg
Hannut;Huy-Waremme;Mobilite_Commune_Autres;https://spiliege.sharepoint.com/sites/Diagnosticterritorial/Documents%20partages/Diagnostic%20territorial/2.%20Documents%20ADT/Documents%20Spi/2.%20Echelle%20communale/Hannut/Cartographies/Mobilite_Commune_Autres_Huy-Waremme_Hannut.jpg
Hannut;Huy-Waremme;Mobilite_Commune_TC;https://spiliege.sharepoint.com/sites/Diagnosticterritorial/Documents%20partages/Diagnostic%20territorial/2.%20Documents%20ADT/Documents%20Spi/2.%20Echelle%20communale/Hannut/Cartographies/Mobilite_Commune_TC_Huy-Waremme_Hannut.jpg
Herstal;Liège;Deplacement_destination;https://spiliege.sharepoint.com/sites/Diagnosticterritorial/Documents%20partages/Diagnostic%20territorial/2.%20Documents%20ADT/Documents%20Spi/2.%20Echelle%20communale/Herstal/Cartographies/Deplacement_destination_Liège_Herstal.jpg
Herstal;Liège;Deplacement_origine;https://spiliege.sharepoint.com/sites/Diagnosticterritorial/Documents%20partages/Diagnostic%20territorial/2.%20Documents%20ADT/Documents%20Spi/2.%20Echelle%20communale/Herstal/Cartographies/Deplacement_origine_Liège_Herstal.jpg
Herstal;Liège;Deplacements_journee;https://spiliege.sharepoint.com/sites/Diagnosticterritorial/Documents%20partages/Diagnostic%20territorial/2.%20Documents%20ADT/Documents%20Spi/2.%20Echelle%20communale/Herstal/Cartographies/Deplacements_journee_Liège_Herstal.jpg
Herstal;Liège;Mobilite_Commune_Autres;https://spiliege.sharepoint.com/sites/Diagnosticterritorial/Documents%20partages/Diagnostic%20territorial/2.%20Documents%20ADT/Documents%20Spi/2.%20Echelle%20communale/Herstal/Cartographies/Mobilite_Commune_Autres_Liège_Herstal.jpg
Herstal;Liège;Mobilite_Commune_TC;https://spiliege.sharepoint.com/sites/Diagnosticterritorial/Documents%20partages/Diagnostic%20territorial/2.%20Documents%20ADT/Documents%20Spi/2.%20Echelle%20communale/Herstal/Cartographies/Mobilite_Commune_TC_Liège_Herstal.jpg
Herve;Verviers;Deplacement_destination;https://spiliege.sharepoint.com/sites/Diagnosticterritorial/Documents%20partages/Diagnostic%20territorial/2.%20Documents%20ADT/Documents%20Spi/2.%20Echelle%20communale/Herve/Cartographies/Deplacement_destination_Verviers_Herve.jpg
Herve;Verviers;Deplacement_origine;https://spiliege.sharepoint.com/sites/Diagnosticterritorial/Documents%20partages/Diagnostic%20territorial/2.%20Documents%20ADT/Documents%20Spi/2.%20Echelle%20communale/Herve/Cartographies/Deplacement_origine_Verviers_Herve.jpg
Herve;Verviers;Deplacements_journee;https://spiliege.sharepoint.com/sites/Diagnosticterritorial/Documents%20partages/Diagnostic%20territorial/2.%20Documents%20ADT/Documents%20Spi/2.%20Echelle%20communale/Herve/Cartographies/Deplacements_journee_Verviers_Herve.jpg
Herve;Verviers;Mobilite_Commune_Autres;https://spiliege.sharepoint.com/sites/Diagnosticterritorial/Documents%20partages/Diagnostic%20territorial/2.%20Documents%20ADT/Documents%20Spi/2.%20Echelle%20communale/Herve/Cartographies/Mobilite_Commune_Autres_Verviers_Herve.jpg
Herve;Verviers;Mobilite_Commune_TC;https://spiliege.sharepoint.com/sites/Diagnosticterritorial/Documents%20partages/Diagnostic%20territorial/2.%20Documents%20ADT/Documents%20Spi/2.%20Echelle%20communale/Herve/Cartographies/Mobilite_Commune_TC_Verviers_Herve.jpg
Huy;Huy-Waremme;Deplacement_destination;https://spiliege.sharepoint.com/sites/Diagnosticterritorial/Documents%20partages/Diagnostic%20territorial/2.%20Documents%20ADT/Documents%20Spi/2.%20Echelle%20communale/Huy/Cartographies/Deplacement_destination_Huy-Waremme_Huy.jpg
Huy;Huy-Waremme;Deplacement_origine;https://spiliege.sharepoint.com/sites/Diagnosticterritorial/Documents%20partages/Diagnostic%20territorial/2.%20Documents%20ADT/Documents%20Spi/2.%20Echelle%20communale/Huy/Cartographies/Deplacement_origine_Huy-Waremme_Huy.jpg
Huy;Huy-Waremme;Deplacements_journee;https://spiliege.sharepoint.com/sites/Diagnosticterritorial/Documents%20partages/Diagnostic%20territorial/2.%20Documents%20ADT/Documents%20Spi/2.%20Echelle%20communale/Huy/Cartographies/Deplacements_journee_Huy-Waremme_Huy.jpg
Huy;Huy-Waremme;Mobilite_Commune_Autres;https://spiliege.sharepoint.com/sites/Diagnosticterritorial/Documents%20partages/Diagnostic%20territorial/2.%20Documents%20ADT/Documents%20Spi/2.%20Echelle%20communale/Huy/Cartographies/Mobilite_Commune_Autres_Huy-Waremme_Huy.jpg
Huy;Huy-Waremme;Mobilite_Commune_TC;https://spiliege.sharepoint.com/sites/Diagnosticterritorial/Documents%20partages/Diagnostic%20territorial/2.%20Documents%20ADT/Documents%20Spi/2.%20Echelle%20communale/Huy/Cartographies/Mobilite_Commune_TC_Huy-Waremme_Huy.jpg
Héron;Huy-Waremme;Deplacement_destination;https://spiliege.sharepoint.com/sites/Diagnosticterritorial/Documents%20partages/Diagnostic%20territorial/2.%20Documents%20ADT/Documents%20Spi/2.%20Echelle%20communale/Héron/Cartographies/Deplacement_destination_Huy-Waremme_Héron.jpg
Héron;Huy-Waremme;Deplacement_origine;https://spiliege.sharepoint.com/sites/Diagnosticterritorial/Documents%20partages/Diagnostic%20territorial/2.%20Documents%20ADT/Documents%20Spi/2.%20Echelle%20communale/Héron/Cartographies/Deplacement_origine_Huy-Waremme_Héron.jpg
Héron;Huy-Waremme;Deplacements_journee;https://spiliege.sharepoint.com/sites/Diagnosticterritorial/Documents%20partages/Diagnostic%20territorial/2.%20Documents%20ADT/Documents%20Spi/2.%20Echelle%20communale/Héron/Cartographies/Deplacements_journee_Huy-Waremme_Héron.jpg
Héron;Huy-Waremme;Mobilite_Commune_Autres;https://spiliege.sharepoint.com/sites/Diagnosticterritorial/Documents%20partages/Diagnostic%20territorial/2.%20Documents%20ADT/Documents%20Spi/2.%20Echelle%20communale/Héron/Cartographies/Mobilite_Commune_Autres_Huy-Waremme_Héron.jpg
Héron;Huy-Waremme;Mobilite_Commune_TC;https://spiliege.sharepoint.com/sites/Diagnosticterritorial/Documents%20partages/Diagnostic%20territorial/2.%20Documents%20ADT/Documents%20Spi/2.%20Echelle%20communale/Héron/Cartographies/Mobilite_Commune_TC_Huy-Waremme_Héron.jpg
Jalhay;Verviers;Deplacement_destination;https://spiliege.sharepoint.com/sites/Diagnosticterritorial/Documents%20partages/Diagnostic%20territorial/2.%20Documents%20ADT/Documents%20Spi/2.%20Echelle%20communale/Jalhay/Cartographies/Deplacement_destination_Verviers_Jalhay.jpg
Jalhay;Verviers;Deplacement_origine;https://spiliege.sharepoint.com/sites/Diagnosticterritorial/Documents%20partages/Diagnostic%20territorial/2.%20Documents%20ADT/Documents%20Spi/2.%20Echelle%20communale/Jalhay/Cartographies/Deplacement_origine_Verviers_Jalhay.jpg
Jalhay;Verviers;Deplacements_journee;https://spiliege.sharepoint.com/sites/Diagnosticterritorial/Documents%20partages/Diagnostic%20territorial/2.%20Documents%20ADT/Documents%20Spi/2.%20Echelle%20communale/Jalhay/Cartographies/Deplacements_journee_Verviers_Jalhay.jpg
Jalhay;Verviers;Mobilite_Commune_Autres;https://spiliege.sharepoint.com/sites/Diagnosticterritorial/Documents%20partages/Diagnostic%20territorial/2.%20Documents%20ADT/Documents%20Spi/2.%20Echelle%20communale/Jalhay/Cartographies/Mobilite_Commune_Autres_Verviers_Jalhay.jpg
Jalhay;Verviers;Mobilite_Commune_TC;https://spiliege.sharepoint.com/sites/Diagnosticterritorial/Documents%20partages/Diagnostic%20territorial/2.%20Documents%20ADT/Documents%20Spi/2.%20Echelle%20communale/Jalhay/Cartographies/Mobilite_Commune_TC_Verviers_Jalhay.jpg
Juprelle;Liège;Deplacement_destination;https://spiliege.sharepoint.com/sites/Diagnosticterritorial/Documents%20partages/Diagnostic%20territorial/2.%20Documents%20ADT/Documents%20Spi/2.%20Echelle%20communale/Juprelle/Cartographies/Deplacement_destination_Liège_Juprelle.jpg
Juprelle;Liège;Deplacement_origine;https://spiliege.sharepoint.com/sites/Diagnosticterritorial/Documents%20partages/Diagnostic%20territorial/2.%20Documents%20ADT/Documents%20Spi/2.%20Echelle%20communale/Juprelle/Cartographies/Deplacement_origine_Liège_Juprelle.jpg
Juprelle;Liège;Deplacements_journee;https://spiliege.sharepoint.com/sites/Diagnosticterritorial/Documents%20partages/Diagnostic%20territorial/2.%20Documents%20ADT/Documents%20Spi/2.%20Echelle%20communale/Juprelle/Cartographies/Deplacements_journee_Liège_Juprelle.jpg
Juprelle;Liège;Mobilite_Commune_Autres;https://spiliege.sharepoint.com/sites/Diagnosticterritorial/Documents%20partages/Diagnostic%20territorial/2.%20Documents%20ADT/Documents%20Spi/2.%20Echelle%20communale/Juprelle/Cartographies/Mobilite_Commune_Autres_Liège_Juprelle.jpg
Juprelle;Liège;Mobilite_Commune_TC;https://spiliege.sharepoint.com/sites/Diagnosticterritorial/Documents%20partages/Diagnostic%20territorial/2.%20Documents%20ADT/Documents%20Spi/2.%20Echelle%20communale/Juprelle/Cartographies/Mobilite_Commune_TC_Liège_Juprelle.jpg
Lierneux;Verviers;Deplacement_destination;https://spiliege.sharepoint.com/sites/Diagnosticterritorial/Documents%20partages/Diagnostic%20territorial/2.%20Documents%20ADT/Documents%20Spi/2.%20Echelle%20communale/Lierneux/Cartographies/Deplacement_destination_Verviers_Lierneux.jpg
Lierneux;Verviers;Deplacement_origine;https://spiliege.sharepoint.com/sites/Diagnosticterritorial/Documents%20partages/Diagnostic%20territorial/2.%20Documents%20ADT/Documents%20Spi/2.%20Echelle%20communale/Lierneux/Cartographies/Deplacement_origine_Verviers_Lierneux.jpg
Lierneux;Verviers;Deplacements_journee;https://spiliege.sharepoint.com/sites/Diagnosticterritorial/Documents%20partages/Diagnostic%20territorial/2.%20Documents%20ADT/Documents%20Spi/2.%20Echelle%20communale/Lierneux/Cartographies/Deplacements_journee_Verviers_Lierneux.jpg
Lierneux;Verviers;Mobilite_Commune_Autres;https://spiliege.sharepoint.com/sites/Diagnosticterritorial/Documents%20partages/Diagnostic%20territorial/2.%20Documents%20ADT/Documents%20Spi/2.%20Echelle%20communale/Lierneux/Cartographies/Mobilite_Commune_Autres_Verviers_Lierneux.jpg
Lierneux;Verviers;Mobilite_Commune_TC;https://spiliege.sharepoint.com/sites/Diagnosticterritorial/Documents%20partages/Diagnostic%20territorial/2.%20Documents%20ADT/Documents%20Spi/2.%20Echelle%20communale/Lierneux/Cartographies/Mobilite_Commune_TC_Verviers_Lierneux.jpg
Limbourg;Verviers;Deplacement_destination;https://spiliege.sharepoint.com/sites/Diagnosticterritorial/Documents%20partages/Diagnostic%20territorial/2.%20Documents%20ADT/Documents%20Spi/2.%20Echelle%20communale/Limbourg/Cartographies/Deplacement_destination_Verviers_Limbourg.jpg
Limbourg;Verviers;Deplacement_origine;https://spiliege.sharepoint.com/sites/Diagnosticterritorial/Documents%20partages/Diagnostic%20territorial/2.%20Documents%20ADT/Documents%20Spi/2.%20Echelle%20communale/Limbourg/Cartographies/Deplacement_origine_Verviers_Limbourg.jpg
Limbourg;Verviers;Deplacements_journee;https://spiliege.sharepoint.com/sites/Diagnosticterritorial/Documents%20partages/Diagnostic%20territorial/2.%20Documents%20ADT/Documents%20Spi/2.%20Echelle%20communale/Limbourg/Cartographies/Deplacements_journee_Verviers_Limbourg.jpg
Limbourg;Verviers;Mobilite_Commune_Autres;https://spiliege.sharepoint.com/sites/Diagnosticterritorial/Documents%20partages/Diagnostic%20territorial/2.%20Documents%20ADT/Documents%20Spi/2.%20Echelle%20communale/Limbourg/Cartographies/Mobilite_Commune_Autres_Verviers_Limbourg.jpg
Limbourg;Verviers;Mobilite_Commune_TC;https://spiliege.sharepoint.com/sites/Diagnosticterritorial/Documents%20partages/Diagnostic%20territorial/2.%20Documents%20ADT/Documents%20Spi/2.%20Echelle%20communale/Limbourg/Cartographies/Mobilite_Commune_TC_Verviers_Limbourg.jpg
Lincent;Huy-Waremme;Deplacement_destination;https://spiliege.sharepoint.com/sites/Diagnosticterritorial/Documents%20partages/Diagnostic%20territorial/2.%20Documents%20ADT/Documents%20Spi/2.%20Echelle%20communale/Lincent/Cartographies/Deplacement_destination_Huy-Waremme_Lincent.jpg
Lincent;Huy-Waremme;Deplacement_origine;https://spiliege.sharepoint.com/sites/Diagnosticterritorial/Documents%20partages/Diagnostic%20territorial/2.%20Documents%20ADT/Documents%20Spi/2.%20Echelle%20communale/Lincent/Cartographies/Deplacement_origine_Huy-Waremme_Lincent.jpg
Lincent;Huy-Waremme;Deplacements_journee;https://spiliege.sharepoint.com/sites/Diagnosticterritorial/Documents%20partages/Diagnostic%20territorial/2.%20Documents%20ADT/Documents%20Spi/2.%20Echelle%20communale/Lincent/Cartographies/Deplacements_journee_Huy-Waremme_Lincent.jpg
Lincent;Huy-Waremme;Mobilite_Commune_Autres;https://spiliege.sharepoint.com/sites/Diagnosticterritorial/Documents%20partages/Diagnostic%20territorial/2.%20Documents%20ADT/Documents%20Spi/2.%20Echelle%20communale/Lincent/Cartographies/Mobilite_Commune_Autres_Huy-Waremme_Lincent.jpg
Lincent;Huy-Waremme;Mobilite_Commune_TC;https://spiliege.sharepoint.com/sites/Diagnosticterritorial/Documents%20partages/Diagnostic%20territorial/2.%20Documents%20ADT/Documents%20Spi/2.%20Echelle%20communale/Lincent/Cartographies/Mobilite_Commune_TC_Huy-Waremme_Lincent.jpg
Liège;Liège;Deplacement_destination;https://spiliege.sharepoint.com/sites/Diagnosticterritorial/Documents%20partages/Diagnostic%20territorial/2.%20Documents%20ADT/Documents%20Spi/2.%20Echelle%20communale/Liège/Cartographies/Deplacement_destination_Liège_Liège.jpg
Liège;Liège;Deplacement_origine;https://spiliege.sharepoint.com/sites/Diagnosticterritorial/Documents%20partages/Diagnostic%20territorial/2.%20Documents%20ADT/Documents%20Spi/2.%20Echelle%20communale/Liège/Cartographies/Deplacement_origine_Liège_Liège.jpg
Liège;Liège;Deplacements_journee;https://spiliege.sharepoint.com/sites/Diagnosticterritorial/Documents%20partages/Diagnostic%20territorial/2.%20Documents%20ADT/Documents%20Spi/2.%20Echelle%20communale/Liège/Cartographies/Deplacements_journee_Liège_Liège.jpg
Liège;Liège;Mobilite_Commune_Autres;https://spiliege.sharepoint.com/sites/Diagnosticterritorial/Documents%20partages/Diagnostic%20territorial/2.%20Documents%20ADT/Documents%20Spi/2.%20Echelle%20communale/Liège/Cartographies/Mobilite_Commune_Autres_Liège_Liège.jpg
Liège;Liège;Mobilite_Commune_TC;https://spiliege.sharepoint.com/sites/Diagnosticterritorial/Documents%20partages/Diagnostic%20territorial/2.%20Documents%20ADT/Documents%20Spi/2.%20Echelle%20communale/Liège/Cartographies/Mobilite_Commune_TC_Liège_Liège.jpg
Malmedy;Verviers;Deplacement_destination;https://spiliege.sharepoint.com/sites/Diagnosticterritorial/Documents%20partages/Diagnostic%20territorial/2.%20Documents%20ADT/Documents%20Spi/2.%20Echelle%20communale/Malmedy/Cartographies/Deplacement_destination_Verviers_Malmedy.jpg
Malmedy;Verviers;Deplacement_origine;https://spiliege.sharepoint.com/sites/Diagnosticterritorial/Documents%20partages/Diagnostic%20territorial/2.%20Documents%20ADT/Documents%20Spi/2.%20Echelle%20communale/Malmedy/Cartographies/Deplacement_origine_Verviers_Malmedy.jpg
Malmedy;Verviers;Deplacements_journee;https://spiliege.sharepoint.com/sites/Diagnosticterritorial/Documents%20partages/Diagnostic%20territorial/2.%20Documents%20ADT/Documents%20Spi/2.%20Echelle%20communale/Malmedy/Cartographies/Deplacements_journee_Verviers_Malmedy.jpg
Malmedy;Verviers;Mobilite_Commune_Autres;https://spiliege.sharepoint.com/sites/Diagnosticterritorial/Documents%20partages/Diagnostic%20territorial/2.%20Documents%20ADT/Documents%20Spi/2.%20Echelle%20communale/Malmedy/Cartographies/Mobilite_Commune_Autres_Verviers_Malmedy.jpg
Malmedy;Verviers;Mobilite_Commune_TC;https://spiliege.sharepoint.com/sites/Diagnosticterritorial/Documents%20partages/Diagnostic%20territorial/2.%20Documents%20ADT/Documents%20Spi/2.%20Echelle%20communale/Malmedy/Cartographies/Mobilite_Commune_TC_Verviers_Malmedy.jpg
Marchin;Huy-Waremme;Deplacement_destination;https://spiliege.sharepoint.com/sites/Diagnosticterritorial/Documents%20partages/Diagnostic%20territorial/2.%20Documents%20ADT/Documents%20Spi/2.%20Echelle%20communale/Marchin/Cartographies/Deplacement_destination_Huy-Waremme_Marchin.jpg
Marchin;Huy-Waremme;Deplacement_origine;https://spiliege.sharepoint.com/sites/Diagnosticterritorial/Documents%20partages/Diagnostic%20territorial/2.%20Documents%20ADT/Documents%20Spi/2.%20Echelle%20communale/Marchin/Cartographies/Deplacement_origine_Huy-Waremme_Marchin.jpg
Marchin;Huy-Waremme;Deplacements_journee;https://spiliege.sharepoint.com/sites/Diagnosticterritorial/Documents%20partages/Diagnostic%20territorial/2.%20Documents%20ADT/Documents%20Spi/2.%20Echelle%20communale/Marchin/Cartographies/Deplacements_journee_Huy-Waremme_Marchin.jpg
Marchin;Huy-Waremme;Mobilite_Commune_Autres;https://spiliege.sharepoint.com/sites/Diagnosticterritorial/Documents%20partages/Diagnostic%20territorial/2.%20Documents%20ADT/Documents%20Spi/2.%20Echelle%20communale/Marchin/Cartographies/Mobilite_Commune_Autres_Huy-Waremme_Marchin.jpg
Marchin;Huy-Waremme;Mobilite_Commune_TC;https://spiliege.sharepoint.com/sites/Diagnosticterritorial/Documents%20partages/Diagnostic%20territorial/2.%20Documents%20ADT/Documents%20Spi/2.%20Echelle%20communale/Marchin/Cartographies/Mobilite_Commune_TC_Huy-Waremme_Marchin.jpg
Modave;Huy-Waremme;Deplacement_destination;https://spiliege.sharepoint.com/sites/Diagnosticterritorial/Documents%20partages/Diagnostic%20territorial/2.%20Documents%20ADT/Documents%20Spi/2.%20Echelle%20communale/Modave/Cartographies/Deplacement_destination_Huy-Waremme_Modave.jpg
Modave;Huy-Waremme;Deplacement_origine;https://spiliege.sharepoint.com/sites/Diagnosticterritorial/Documents%20partages/Diagnostic%20territorial/2.%20Documents%20ADT/Documents%20Spi/2.%20Echelle%20communale/Modave/Cartographies/Deplacement_origine_Huy-Waremme_Modave.jpg
Modave;Huy-Waremme;Deplacements_journee;https://spiliege.sharepoint.com/sites/Diagnosticterritorial/Documents%20partages/Diagnostic%20territorial/2.%20Documents%20ADT/Documents%20Spi/2.%20Echelle%20communale/Modave/Cartographies/Deplacements_journee_Huy-Waremme_Modave.jpg
Modave;Huy-Waremme;Mobilite_Commune_Autres;https://spiliege.sharepoint.com/sites/Diagnosticterritorial/Documents%20partages/Diagnostic%20territorial/2.%20Documents%20ADT/Documents%20Spi/2.%20Echelle%20communale/Modave/Cartographies/Mobilite_Commune_Autres_Huy-Waremme_Modave.jpg
Modave;Huy-Waremme;Mobilite_Commune_TC;https://spiliege.sharepoint.com/sites/Diagnosticterritorial/Documents%20partages/Diagnostic%20territorial/2.%20Documents%20ADT/Documents%20Spi/2.%20Echelle%20communale/Modave/Cartographies/Mobilite_Commune_TC_Huy-Waremme_Modave.jpg
Nandrin;Huy-Waremme;Deplacement_destination;https://spiliege.sharepoint.com/sites/Diagnosticterritorial/Documents%20partages/Diagnostic%20territorial/2.%20Documents%20ADT/Documents%20Spi/2.%20Echelle%20communale/Nandrin/Cartographies/Deplacement_destination_Huy-Waremme_Nandrin.jpg
Nandrin;Huy-Waremme;Deplacement_origine;https://spiliege.sharepoint.com/sites/Diagnosticterritorial/Documents%20partages/Diagnostic%20territorial/2.%20Documents%20ADT/Documents%20Spi/2.%20Echelle%20communale/Nandrin/Cartographies/Deplacement_origine_Huy-Waremme_Nandrin.jpg
Nandrin;Huy-Waremme;Deplacements_journee;https://spiliege.sharepoint.com/sites/Diagnosticterritorial/Documents%20partages/Diagnostic%20territorial/2.%20Documents%20ADT/Documents%20Spi/2.%20Echelle%20communale/Nandrin/Cartographies/Deplacements_journee_Huy-Waremme_Nandrin.jpg
Nandrin;Huy-Waremme;Mobilite_Commune_Autres;https://spiliege.sharepoint.com/sites/Diagnosticterritorial/Documents%20partages/Diagnostic%20territorial/2.%20Documents%20ADT/Documents%20Spi/2.%20Echelle%20communale/Nandrin/Cartographies/Mobilite_Commune_Autres_Huy-Waremme_Nandrin.jpg
Nandrin;Huy-Waremme;Mobilite_Commune_TC;https://spiliege.sharepoint.com/sites/Diagnosticterritorial/Documents%20partages/Diagnostic%20territorial/2.%20Documents%20ADT/Documents%20Spi/2.%20Echelle%20communale/Nandrin/Cartographies/Mobilite_Commune_TC_Huy-Waremme_Nandrin.jpg
Neupré;Liège;Deplacement_destination;https://spiliege.sharepoint.com/sites/Diagnosticterritorial/Documents%20partages/Diagnostic%20territorial/2.%20Documents%20ADT/Documents%20Spi/2.%20Echelle%20communale/Neupré/Cartographies/Deplacement_destination_Liège_Neupré.jpg
Neupré;Liège;Deplacement_origine;https://spiliege.sharepoint.com/sites/Diagnosticterritorial/Documents%20partages/Diagnostic%20territorial/2.%20Documents%20ADT/Documents%20Spi/2.%20Echelle%20communale/Neupré/Cartographies/Deplacement_origine_Liège_Neupré.jpg
Neupré;Liège;Deplacements_journee;https://spiliege.sharepoint.com/sites/Diagnosticterritorial/Documents%20partages/Diagnostic%20territorial/2.%20Documents%20ADT/Documents%20Spi/2.%20Echelle%20communale/Neupré/Cartographies/Deplacements_journee_Liège_Neupré.jpg
Neupré;Liège;Mobilite_Commune_Autres;https://spiliege.sharepoint.com/sites/Diagnosticterritorial/Documents%20partages/Diagnostic%20territorial/2.%20Documents%20ADT/Documents%20Spi/2.%20Echelle%20communale/Neupré/Cartographies/Mobilite_Commune_Autres_Liège_Neupré.jpg
Neupré;Liège;Mobilite_Commune_TC;https://spiliege.sharepoint.com/sites/Diagnosticterritorial/Documents%20partages/Diagnostic%20territorial/2.%20Documents%20ADT/Documents%20Spi/2.%20Echelle%20communale/Neupré/Cartographies/Mobilite_Commune_TC_Liège_Neupré.jpg
Olne;Verviers;Deplacement_destination;https://spiliege.sharepoint.com/sites/Diagnosticterritorial/Documents%20partages/Diagnostic%20territorial/2.%20Documents%20ADT/Documents%20Spi/2.%20Echelle%20communale/Olne/Cartographies/Deplacement_destination_Verviers_Olne.jpg
Olne;Verviers;Deplacement_origine;https://spiliege.sharepoint.com/sites/Diagnosticterritorial/Documents%20partages/Diagnostic%20territorial/2.%20Documents%20ADT/Documents%20Spi/2.%20Echelle%20communale/Olne/Cartographies/Deplacement_origine_Verviers_Olne.jpg
Olne;Verviers;Deplacements_journee;https://spiliege.sharepoint.com/sites/Diagnosticterritorial/Documents%20partages/Diagnostic%20territorial/2.%20Documents%20ADT/Documents%20Spi/2.%20Echelle%20communale/Olne/Cartographies/Deplacements_journee_Verviers_Olne.jpg
Olne;Verviers;Mobilite_Commune_Autres;https://spiliege.sharepoint.com/sites/Diagnosticterritorial/Documents%20partages/Diagnostic%20territorial/2.%20Documents%20ADT/Documents%20Spi/2.%20Echelle%20communale/Olne/Cartographies/Mobilite_Commune_Autres_Verviers_Olne.jpg
Olne;Verviers;Mobilite_Commune_TC;https://spiliege.sharepoint.com/sites/Diagnosticterritorial/Documents%20partages/Diagnostic%20territorial/2.%20Documents%20ADT/Documents%20Spi/2.%20Echelle%20communale/Olne/Cartographies/Mobilite_Commune_TC_Verviers_Olne.jpg
Oreye;Huy-Waremme;Deplacement_destination;https://spiliege.sharepoint.com/sites/Diagnosticterritorial/Documents%20partages/Diagnostic%20territorial/2.%20Documents%20ADT/Documents%20Spi/2.%20Echelle%20communale/Oreye/Cartographies/Deplacement_destination_Huy-Waremme_Oreye.jpg
Oreye;Huy-Waremme;Deplacement_origine;https://spiliege.sharepoint.com/sites/Diagnosticterritorial/Documents%20partages/Diagnostic%20territorial/2.%20Documents%20ADT/Documents%20Spi/2.%20Echelle%20communale/Oreye/Cartographies/Deplacement_origine_Huy-Waremme_Oreye.jpg
Oreye;Huy-Waremme;Deplacements_journee;https://spiliege.sharepoint.com/sites/Diagnosticterritorial/Documents%20partages/Diagnostic%20territorial/2.%20Documents%20ADT/Documents%20Spi/2.%20Echelle%20communale/Oreye/Cartographies/Deplacements_journee_Huy-Waremme_Oreye.jpg
Oreye;Huy-Waremme;Mobilite_Commune_Autres;https://spiliege.sharepoint.com/sites/Diagnosticterritorial/Documents%20partages/Diagnostic%20territorial/2.%20Documents%20ADT/Documents%20Spi/2.%20Echelle%20communale/Oreye/Cartographies/Mobilite_Commune_Autres_Huy-Waremme_Oreye.jpg
Oreye;Huy-Waremme;Mobilite_Commune_TC;https://spiliege.sharepoint.com/sites/Diagnosticterritorial/Documents%20partages/Diagnostic%20territorial/2.%20Documents%20ADT/Documents%20Spi/2.%20Echelle%20communale/Oreye/Cartographies/Mobilite_Commune_TC_Huy-Waremme_Oreye.jpg
Ouffet;Huy-Waremme;Deplacement_destination;https://spiliege.sharepoint.com/sites/Diagnosticterritorial/Documents%20partages/Diagnostic%20territorial/2.%20Documents%20ADT/Documents%20Spi/2.%20Echelle%20communale/Ouffet/Cartographies/Deplacement_destination_Huy-Waremme_Ouffet.jpg
Ouffet;Huy-Waremme;Deplacement_origine;https://spiliege.sharepoint.com/sites/Diagnosticterritorial/Documents%20partages/Diagnostic%20territorial/2.%20Documents%20ADT/Documents%20Spi/2.%20Echelle%20communale/Ouffet/Cartographies/Deplacement_origine_Huy-Waremme_Ouffet.jpg
Ouffet;Huy-Waremme;Deplacements_journee;https://spiliege.sharepoint.com/sites/Diagnosticterritorial/Documents%20partages/Diagnostic%20territorial/2.%20Documents%20ADT/Documents%20Spi/2.%20Echelle%20communale/Ouffet/Cartographies/Deplacements_journee_Huy-Waremme_Ouffet.jpg
Ouffet;Huy-Waremme;Mobilite_Commune_Autres;https://spiliege.sharepoint.com/sites/Diagnosticterritorial/Documents%20partages/Diagnostic%20territorial/2.%20Documents%20ADT/Documents%20Spi/2.%20Echelle%20communale/Ouffet/Cartographies/Mobilite_Commune_Autres_Huy-Waremme_Ouffet.jpg
Ouffet;Huy-Waremme;Mobilite_Commune_TC;https://spiliege.sharepoint.com/sites/Diagnosticterritorial/Documents%20partages/Diagnostic%20territorial/2.%20Documents%20ADT/Documents%20Spi/2.%20Echelle%20communale/Ouffet/Cartographies/Mobilite_Commune_TC_Huy-Waremme_Ouffet.jpg
Oupeye;Liège;Deplacement_destination;https://spiliege.sharepoint.com/sites/Diagnosticterritorial/Documents%20partages/Diagnostic%20territorial/2.%20Documents%20ADT/Documents%20Spi/2.%20Echelle%20communale/Oupeye/Cartographies/Deplacement_destination_Liège_Oupeye.jpg
Oupeye;Liège;Deplacement_origine;https://spiliege.sharepoint.com/sites/Diagnosticterritorial/Documents%20partages/Diagnostic%20territorial/2.%20Documents%20ADT/Documents%20Spi/2.%20Echelle%20communale/Oupeye/Cartographies/Deplacement_origine_Liège_Oupeye.jpg
Oupeye;Liège;Deplacements_journee;https://spiliege.sharepoint.com/sites/Diagnosticterritorial/Documents%20partages/Diagnostic%20territorial/2.%20Documents%20ADT/Documents%20Spi/2.%20Echelle%20communale/Oupeye/Cartographies/Deplacements_journee_Liège_Oupeye.jpg
Oupeye;Liège;Mobilite_Commune_Autres;https://spiliege.sharepoint.com/sites/Diagnosticterritorial/Documents%20partages/Diagnostic%20territorial/2.%20Documents%20ADT/Documents%20Spi/2.%20Echelle%20communale/Oupeye/Cartographies/Mobilite_Commune_Autres_Liège_Oupeye.jpg
Oupeye;Liège;Mobilite_Commune_TC;https://spiliege.sharepoint.com/sites/Diagnosticterritorial/Documents%20partages/Diagnostic%20territorial/2.%20Documents%20ADT/Documents%20Spi/2.%20Echelle%20communale/Oupeye/Cartographies/Mobilite_Commune_TC_Liège_Oupeye.jpg
Pepinster;Verviers;Deplacement_destination;https://spiliege.sharepoint.com/sites/Diagnosticterritorial/Documents%20partages/Diagnostic%20territorial/2.%20Documents%20ADT/Documents%20Spi/2.%20Echelle%20communale/Pepinster/Cartographies/Deplacement_destination_Verviers_Pepinster.jpg
Pepinster;Verviers;Deplacement_origine;https://spiliege.sharepoint.com/sites/Diagnosticterritorial/Documents%20partages/Diagnostic%20territorial/2.%20Documents%20ADT/Documents%20Spi/2.%20Echelle%20communale/Pepinster/Cartographies/Deplacement_origine_Verviers_Pepinster.jpg
Pepinster;Verviers;Deplacements_journee;https://spiliege.sharepoint.com/sites/Diagnosticterritorial/Documents%20partages/Diagnostic%20territorial/2.%20Documents%20ADT/Documents%20Spi/2.%20Echelle%20communale/Pepinster/Cartographies/Deplacements_journee_Verviers_Pepinster.jpg
Pepinster;Verviers;Mobilite_Commune_Autres;https://spiliege.sharepoint.com/sites/Diagnosticterritorial/Documents%20partages/Diagnostic%20territorial/2.%20Documents%20ADT/Documents%20Spi/2.%20Echelle%20communale/Pepinster/Cartographies/Mobilite_Commune_Autres_Verviers_Pepinster.jpg
Pepinster;Verviers;Mobilite_Commune_TC;https://spiliege.sharepoint.com/sites/Diagnosticterritorial/Documents%20partages/Diagnostic%20territorial/2.%20Documents%20ADT/Documents%20Spi/2.%20Echelle%20communale/Pepinster/Cartographies/Mobilite_Commune_TC_Verviers_Pepinster.jpg
Plombières;Verviers;Deplacement_destination;https://spiliege.sharepoint.com/sites/Diagnosticterritorial/Documents%20partages/Diagnostic%20territorial/2.%20Documents%20ADT/Documents%20Spi/2.%20Echelle%20communale/Plombières/Cartographies/Deplacement_destination_Verviers_Plombières.jpg
Plombières;Verviers;Deplacement_origine;https://spiliege.sharepoint.com/sites/Diagnosticterritorial/Documents%20partages/Diagnostic%20territorial/2.%20Documents%20ADT/Documents%20Spi/2.%20Echelle%20communale/Plombières/Cartographies/Deplacement_origine_Verviers_Plombières.jpg
Plombières;Verviers;Deplacements_journee;https://spiliege.sharepoint.com/sites/Diagnosticterritorial/Documents%20partages/Diagnostic%20territorial/2.%20Documents%20ADT/Documents%20Spi/2.%20Echelle%20communale/Plombières/Cartographies/Deplacements_journee_Verviers_Plombières.jpg
Plombières;Verviers;Mobilite_Commune_Autres;https://spiliege.sharepoint.com/sites/Diagnosticterritorial/Documents%20partages/Diagnostic%20territorial/2.%20Documents%20ADT/Documents%20Spi/2.%20Echelle%20communale/Plombières/Cartographies/Mobilite_Commune_Autres_Verviers_Plombières.jpg
Plombières;Verviers;Mobilite_Commune_TC;https://spiliege.sharepoint.com/sites/Diagnosticterritorial/Documents%20partages/Diagnostic%20territorial/2.%20Documents%20ADT/Documents%20Spi/2.%20Echelle%20communale/Plombières/Cartographies/Mobilite_Commune_TC_Verviers_Plombières.jpg
Remicourt;Huy-Waremme;Deplacement_destination;https://spiliege.sharepoint.com/sites/Diagnosticterritorial/Documents%20partages/Diagnostic%20territorial/2.%20Documents%20ADT/Documents%20Spi/2.%20Echelle%20communale/Remicourt/Cartographies/Deplacement_destination_Huy-Waremme_Remicourt.jpg
Remicourt;Huy-Waremme;Deplacement_origine;https://spiliege.sharepoint.com/sites/Diagnosticterritorial/Documents%20partages/Diagnostic%20territorial/2.%20Documents%20ADT/Documents%20Spi/2.%20Echelle%20communale/Remicourt/Cartographies/Deplacement_origine_Huy-Waremme_Remicourt.jpg
Remicourt;Huy-Waremme;Deplacements_journee;https://spiliege.sharepoint.com/sites/Diagnosticterritorial/Documents%20partages/Diagnostic%20territorial/2.%20Documents%20ADT/Documents%20Spi/2.%20Echelle%20communale/Remicourt/Cartographies/Deplacements_journee_Huy-Waremme_Remicourt.jpg
Remicourt;Huy-Waremme;Mobilite_Commune_Autres;https://spiliege.sharepoint.com/sites/Diagnosticterritorial/Documents%20partages/Diagnostic%20territorial/2.%20Documents%20ADT/Documents%20Spi/2.%20Echelle%20communale/Remicourt/Cartographies/Mobilite_Commune_Autres_Huy-Waremme_Remicourt.jpg
Remicourt;Huy-Waremme;Mobilite_Commune_TC;https://spiliege.sharepoint.com/sites/Diagnosticterritorial/Documents%20partages/Diagnostic%20territorial/2.%20Documents%20ADT/Documents%20Spi/2.%20Echelle%20communale/Remicourt/Cartographies/Mobilite_Commune_TC_Huy-Waremme_Remicourt.jpg
Saint-Georges-sur-Meuse;Huy-Waremme;Deplacement_destination;https://spiliege.sharepoint.com/sites/Diagnosticterritorial/Documents%20partages/Diagnostic%20territorial/2.%20Documents%20ADT/Documents%20Spi/2.%20Echelle%20communale/Saint-Georges-sur-Meuse/Cartographies/Deplacement_destination_Huy-Waremme_Saint-Georges-sur-Meuse.jpg
Saint-Georges-sur-Meuse;Huy-Waremme;Deplacement_origine;https://spiliege.sharepoint.com/sites/Diagnosticterritorial/Documents%20partages/Diagnostic%20territorial/2.%20Documents%20ADT/Documents%20Spi/2.%20Echelle%20communale/Saint-Georges-sur-Meuse/Cartographies/Deplacement_origine_Huy-Waremme_Saint-Georges-sur-Meuse.jpg
Saint-Georges-sur-Meuse;Huy-Waremme;Deplacements_journee;https://spiliege.sharepoint.com/sites/Diagnosticterritorial/Documents%20partages/Diagnostic%20territorial/2.%20Documents%20ADT/Documents%20Spi/2.%20Echelle%20communale/Saint-Georges-sur-Meuse/Cartographies/Deplacements_journee_Huy-Waremme_Saint-Georges-sur-Meuse.jpg
Saint-Georges-sur-Meuse;Huy-Waremme;Mobilite_Commune_Autres;https://spiliege.sharepoint.com/sites/Diagnosticterritorial/Documents%20partages/Diagnostic%20territorial/2.%20Documents%20ADT/Documents%20Spi/2.%20Echelle%20communale/Saint-Georges-sur-Meuse/Cartographies/Mobilite_Commune_Autres_Huy-Waremme_Saint-Georges-sur-Meuse.jpg
Saint-Georges-sur-Meuse;Huy-Waremme;Mobilite_Commune_TC;https://spiliege.sharepoint.com/sites/Diagnosticterritorial/Documents%20partages/Diagnostic%20territorial/2.%20Documents%20ADT/Documents%20Spi/2.%20Echelle%20communale/Saint-Georges-sur-Meuse/Cartographies/Mobilite_Commune_TC_Huy-Waremme_Saint-Georges-sur-Meuse.jpg
Saint-Nicolas;Liège;Deplacement_destination;https://spiliege.sharepoint.com/sites/Diagnosticterritorial/Documents%20partages/Diagnostic%20territorial/2.%20Documents%20ADT/Documents%20Spi/2.%20Echelle%20communale/Saint-Nicolas/Cartographies/Deplacement_destination_Liège_Saint-Nicolas.jpg
Saint-Nicolas;Liège;Deplacement_origine;https://spiliege.sharepoint.com/sites/Diagnosticterritorial/Documents%20partages/Diagnostic%20territorial/2.%20Documents%20ADT/Documents%20Spi/2.%20Echelle%20communale/Saint-Nicolas/Cartographies/Deplacement_origine_Liège_Saint-Nicolas.jpg
Saint-Nicolas;Liège;Deplacements_journee;https://spiliege.sharepoint.com/sites/Diagnosticterritorial/Documents%20partages/Diagnostic%20territorial/2.%20Documents%20ADT/Documents%20Spi/2.%20Echelle%20communale/Saint-Nicolas/Cartographies/Deplacements_journee_Liège_Saint-Nicolas.jpg
Saint-Nicolas;Liège;Mobilite_Commune_Autres;https://spiliege.sharepoint.com/sites/Diagnosticterritorial/Documents%20partages/Diagnostic%20territorial/2.%20Documents%20ADT/Documents%20Spi/2.%20Echelle%20communale/Saint-Nicolas/Cartographies/Mobilite_Commune_Autres_Liège_Saint-Nicolas.jpg
Saint-Nicolas;Liège;Mobilite_Commune_TC;https://spiliege.sharepoint.com/sites/Diagnosticterritorial/Documents%20partages/Diagnostic%20territorial/2.%20Documents%20ADT/Documents%20Spi/2.%20Echelle%20communale/Saint-Nicolas/Cartographies/Mobilite_Commune_TC_Liège_Saint-Nicolas.jpg
Seraing;Liège;Deplacement_destination;https://spiliege.sharepoint.com/sites/Diagnosticterritorial/Documents%20partages/Diagnostic%20territorial/2.%20Documents%20ADT/Documents%20Spi/2.%20Echelle%20communale/Seraing/Cartographies/Deplacement_destination_Liège_Seraing.jpg
Seraing;Liège;Deplacement_origine;https://spiliege.sharepoint.com/sites/Diagnosticterritorial/Documents%20partages/Diagnostic%20territorial/2.%20Documents%20ADT/Documents%20Spi/2.%20Echelle%20communale/Seraing/Cartographies/Deplacement_origine_Liège_Seraing.jpg
Seraing;Liège;Deplacements_journee;https://spiliege.sharepoint.com/sites/Diagnosticterritorial/Documents%20partages/Diagnostic%20territorial/2.%20Documents%20ADT/Documents%20Spi/2.%20Echelle%20communale/Seraing/Cartographies/Deplacements_journee_Liège_Seraing.jpg
Seraing;Liège;Mobilite_Commune_Autres;https://spiliege.sharepoint.com/sites/Diagnosticterritorial/Documents%20partages/Diagnostic%20territorial/2.%20Documents%20ADT/Documents%20Spi/2.%20Echelle%20communale/Seraing/Cartographies/Mobilite_Commune_Autres_Liège_Seraing.jpg
Seraing;Liège;Mobilite_Commune_TC;https://spiliege.sharepoint.com/sites/Diagnosticterritorial/Documents%20partages/Diagnostic%20territorial/2.%20Documents%20ADT/Documents%20Spi/2.%20Echelle%20communale/Seraing/Cartographies/Mobilite_Commune_TC_Liège_Seraing.jpg
Soumagne;Liège;Deplacement_destination;https://spiliege.sharepoint.com/sites/Diagnosticterritorial/Documents%20partages/Diagnostic%20territorial/2.%20Documents%20ADT/Documents%20Spi/2.%20Echelle%20communale/Soumagne/Cartographies/Deplacement_destination_Liège_Soumagne.jpg
Soumagne;Liège;Deplacement_origine;https://spiliege.sharepoint.com/sites/Diagnosticterritorial/Documents%20partages/Diagnostic%20territorial/2.%20Documents%20ADT/Documents%20Spi/2.%20Echelle%20communale/Soumagne/Cartographies/Deplacement_origine_Liège_Soumagne.jpg
Soumagne;Liège;Deplacements_journee;https://spiliege.sharepoint.com/sites/Diagnosticterritorial/Documents%20partages/Diagnostic%20territorial/2.%20Documents%20ADT/Documents%20Spi/2.%20Echelle%20communale/Soumagne/Cartographies/Deplacements_journee_Liège_Soumagne.jpg
Soumagne;Liège;Mobilite_Commune_Autres;https://spiliege.sharepoint.com/sites/Diagnosticterritorial/Documents%20partages/Diagnostic%20territorial/2.%20Documents%20ADT/Documents%20Spi/2.%20Echelle%20communale/Soumagne/Cartographies/Mobilite_Commune_Autres_Liège_Soumagne.jpg
Soumagne;Liège;Mobilite_Commune_TC;https://spiliege.sharepoint.com/sites/Diagnosticterritorial/Documents%20partages/Diagnostic%20territorial/2.%20Documents%20ADT/Documents%20Spi/2.%20Echelle%20communale/Soumagne/Cartographies/Mobilite_Commune_TC_Liège_Soumagne.jpg
Spa;Verviers;Deplacement_destination;https://spiliege.sharepoint.com/sites/Diagnosticterritorial/Documents%20partages/Diagnostic%20territorial/2.%20Documents%20ADT/Documents%20Spi/2.%20Echelle%20communale/Spa/Cartographies/Deplacement_destination_Verviers_Spa.jpg
Spa;Verviers;Deplacement_origine;https://spiliege.sharepoint.com/sites/Diagnosticterritorial/Documents%20partages/Diagnostic%20territorial/2.%20Documents%20ADT/Documents%20Spi/2.%20Echelle%20communale/Spa/Cartographies/Deplacement_origine_Verviers_Spa.jpg
Spa;Verviers;Deplacements_journee;https://spiliege.sharepoint.com/sites/Diagnosticterritorial/Documents%20partages/Diagnostic%20territorial/2.%20Documents%20ADT/Documents%20Spi/2.%20Echelle%20communale/Spa/Cartographies/Deplacements_journee_Verviers_Spa.jpg
Spa;Verviers;Mobilite_Commune_Autres;https://spiliege.sharepoint.com/sites/Diagnosticterritorial/Documents%20partages/Diagnostic%20territorial/2.%20Documents%20ADT/Documents%20Spi/2.%20Echelle%20communale/Spa/Cartographies/Mobilite_Commune_Autres_Verviers_Spa.jpg
Spa;Verviers;Mobilite_Commune_TC;https://spiliege.sharepoint.com/sites/Diagnosticterritorial/Documents%20partages/Diagnostic%20territorial/2.%20Documents%20ADT/Documents%20Spi/2.%20Echelle%20communale/Spa/Cartographies/Mobilite_Commune_TC_Verviers_Spa.jpg
Sprimont;Liège;Deplacement_destination;https://spiliege.sharepoint.com/sites/Diagnosticterritorial/Documents%20partages/Diagnostic%20territorial/2.%20Documents%20ADT/Documents%20Spi/2.%20Echelle%20communale/Sprimont/Cartographies/Deplacement_destination_Liège_Sprimont.jpg
Sprimont;Liège;Deplacement_origine;https://spiliege.sharepoint.com/sites/Diagnosticterritorial/Documents%20partages/Diagnostic%20territorial/2.%20Documents%20ADT/Documents%20Spi/2.%20Echelle%20communale/Sprimont/Cartographies/Deplacement_origine_Liège_Sprimont.jpg
Sprimont;Liège;Deplacements_journee;https://spiliege.sharepoint.com/sites/Diagnosticterritorial/Documents%20partages/Diagnostic%20territorial/2.%20Documents%20ADT/Documents%20Spi/2.%20Echelle%20communale/Sprimont/Cartographies/Deplacements_journee_Liège_Sprimont.jpg
Sprimont;Liège;Mobilite_Commune_Autres;https://spiliege.sharepoint.com/sites/Diagnosticterritorial/Documents%20partages/Diagnostic%20territorial/2.%20Documents%20ADT/Documents%20Spi/2.%20Echelle%20communale/Sprimont/Cartographies/Mobilite_Commune_Autres_Liège_Sprimont.jpg
Sprimont;Liège;Mobilite_Commune_TC;https://spiliege.sharepoint.com/sites/Diagnosticterritorial/Documents%20partages/Diagnostic%20territorial/2.%20Documents%20ADT/Documents%20Spi/2.%20Echelle%20communale/Sprimont/Cartographies/Mobilite_Commune_TC_Liège_Sprimont.jpg
Stavelot;Verviers;Deplacement_destination;https://spiliege.sharepoint.com/sites/Diagnosticterritorial/Documents%20partages/Diagnostic%20territorial/2.%20Documents%20ADT/Documents%20Spi/2.%20Echelle%20communale/Stavelot/Cartographies/Deplacement_destination_Verviers_Stavelot.jpg
Stavelot;Verviers;Deplacement_origine;https://spiliege.sharepoint.com/sites/Diagnosticterritorial/Documents%20partages/Diagnostic%20territorial/2.%20Documents%20ADT/Documents%20Spi/2.%20Echelle%20communale/Stavelot/Cartographies/Deplacement_origine_Verviers_Stavelot.jpg
Stavelot;Verviers;Deplacements_journee;https://spiliege.sharepoint.com/sites/Diagnosticterritorial/Documents%20partages/Diagnostic%20territorial/2.%20Documents%20ADT/Documents%20Spi/2.%20Echelle%20communale/Stavelot/Cartographies/Deplacements_journee_Verviers_Stavelot.jpg
Stavelot;Verviers;Mobilite_Commune_Autres;https://spiliege.sharepoint.com/sites/Diagnosticterritorial/Documents%20partages/Diagnostic%20territorial/2.%20Documents%20ADT/Documents%20Spi/2.%20Echelle%20communale/Stavelot/Cartographies/Mobilite_Commune_Autres_Verviers_Stavelot.jpg
Stavelot;Verviers;Mobilite_Commune_TC;https://spiliege.sharepoint.com/sites/Diagnosticterritorial/Documents%20partages/Diagnostic%20territorial/2.%20Documents%20ADT/Documents%20Spi/2.%20Echelle%20communale/Stavelot/Cartographies/Mobilite_Commune_TC_Verviers_Stavelot.jpg
Stoumont;Verviers;Deplacement_destination;https://spiliege.sharepoint.com/sites/Diagnosticterritorial/Documents%20partages/Diagnostic%20territorial/2.%20Documents%20ADT/Documents%20Spi/2.%20Echelle%20communale/Stoumont/Cartographies/Deplacement_destination_Verviers_Stoumont.jpg
Stoumont;Verviers;Deplacement_origine;https://spiliege.sharepoint.com/sites/Diagnosticterritorial/Documents%20partages/Diagnostic%20territorial/2.%20Documents%20ADT/Documents%20Spi/2.%20Echelle%20communale/Stoumont/Cartographies/Deplacement_origine_Verviers_Stoumont.jpg
Stoumont;Verviers;Deplacements_journee;https://spiliege.sharepoint.com/sites/Diagnosticterritorial/Documents%20partages/Diagnostic%20territorial/2.%20Documents%20ADT/Documents%20Spi/2.%20Echelle%20communale/Stoumont/Cartographies/Deplacements_journee_Verviers_Stoumont.jpg
Stoumont;Verviers;Mobilite_Commune_Autres;https://spiliege.sharepoint.com/sites/Diagnosticterritorial/Documents%20partages/Diagnostic%20territorial/2.%20Documents%20ADT/Documents%20Spi/2.%20Echelle%20communale/Stoumont/Cartographies/Mobilite_Commune_Autres_Verviers_Stoumont.jpg
Stoumont;Verviers;Mobilite_Commune_TC;https://spiliege.sharepoint.com/sites/Diagnosticterritorial/Documents%20partages/Diagnostic%20territorial/2.%20Documents%20ADT/Documents%20Spi/2.%20Echelle%20communale/Stoumont/Cartographies/Mobilite_Commune_TC_Verviers_Stoumont.jpg
Theux;Verviers;Deplacement_destination;https://spiliege.sharepoint.com/sites/Diagnosticterritorial/Documents%20partages/Diagnostic%20territorial/2.%20Documents%20ADT/Documents%20Spi/2.%20Echelle%20communale/Theux/Cartographies/Deplacement_destination_Verviers_Theux.jpg
Theux;Verviers;Deplacement_origine;https://spiliege.sharepoint.com/sites/Diagnosticterritorial/Documents%20partages/Diagnostic%20territorial/2.%20Documents%20ADT/Documents%20Spi/2.%20Echelle%20communale/Theux/Cartographies/Deplacement_origine_Verviers_Theux.jpg
Theux;Verviers;Deplacements_journee;https://spiliege.sharepoint.com/sites/Diagnosticterritorial/Documents%20partages/Diagnostic%20territorial/2.%20Documents%20ADT/Documents%20Spi/2.%20Echelle%20communale/Theux/Cartographies/Deplacements_journee_Verviers_Theux.jpg
Theux;Verviers;Mobilite_Commune_Autres;https://spiliege.sharepoint.com/sites/Diagnosticterritorial/Documents%20partages/Diagnostic%20territorial/2.%20Documents%20ADT/Documents%20Spi/2.%20Echelle%20communale/Theux/Cartographies/Mobilite_Commune_Autres_Verviers_Theux.jpg
Theux;Verviers;Mobilite_Commune_TC;https://spiliege.sharepoint.com/sites/Diagnosticterritorial/Documents%20partages/Diagnostic%20territorial/2.%20Documents%20ADT/Documents%20Spi/2.%20Echelle%20communale/Theux/Cartographies/Mobilite_Commune_TC_Verviers_Theux.jpg
Thimister-Clermont;Verviers;Deplacement_destination;https://spiliege.sharepoint.com/sites/Diagnosticterritorial/Documents%20partages/Diagnostic%20territorial/2.%20Documents%20ADT/Documents%20Spi/2.%20Echelle%20communale/Thimister-Clermont/Cartographies/Deplacement_destination_Verviers_Thimister-Clermont.jpg
Thimister-Clermont;Verviers;Deplacement_origine;https://spiliege.sharepoint.com/sites/Diagnosticterritorial/Documents%20partages/Diagnostic%20territorial/2.%20Documents%20ADT/Documents%20Spi/2.%20Echelle%20communale/Thimister-Clermont/Cartographies/Deplacement_origine_Verviers_Thimister-Clermont.jpg
Thimister-Clermont;Verviers;Deplacements_journee;https://spiliege.sharepoint.com/sites/Diagnosticterritorial/Documents%20partages/Diagnostic%20territorial/2.%20Documents%20ADT/Documents%20Spi/2.%20Echelle%20communale/Thimister-Clermont/Cartographies/Deplacements_journee_Verviers_Thimister-Clermont.jpg
Thimister-Clermont;Verviers;Mobilite_Commune_Autres;https://spiliege.sharepoint.com/sites/Diagnosticterritorial/Documents%20partages/Diagnostic%20territorial/2.%20Documents%20ADT/Documents%20Spi/2.%20Echelle%20communale/Thimister-Clermont/Cartographies/Mobilite_Commune_Autres_Verviers_Thimister-Clermont.jpg
Thimister-Clermont;Verviers;Mobilite_Commune_TC;https://spiliege.sharepoint.com/sites/Diagnosticterritorial/Documents%20partages/Diagnostic%20territorial/2.%20Documents%20ADT/Documents%20Spi/2.%20Echelle%20communale/Thimister-Clermont/Cartographies/Mobilite_Commune_TC_Verviers_Thimister-Clermont.jpg
Tinlot;Huy-Waremme;Deplacement_destination;https://spiliege.sharepoint.com/sites/Diagnosticterritorial/Documents%20partages/Diagnostic%20territorial/2.%20Documents%20ADT/Documents%20Spi/2.%20Echelle%20communale/Tinlot/Cartographies/Deplacement_destination_Huy-Waremme_Tinlot.jpg
Tinlot;Huy-Waremme;Deplacement_origine;https://spiliege.sharepoint.com/sites/Diagnosticterritorial/Documents%20partages/Diagnostic%20territorial/2.%20Documents%20ADT/Documents%20Spi/2.%20Echelle%20communale/Tinlot/Cartographies/Deplacement_origine_Huy-Waremme_Tinlot.jpg
Tinlot;Huy-Waremme;Deplacements_journee;https://spiliege.sharepoint.com/sites/Diagnosticterritorial/Documents%20partages/Diagnostic%20territorial/2.%20Documents%20ADT/Documents%20Spi/2.%20Echelle%20communale/Tinlot/Cartographies/Deplacements_journee_Huy-Waremme_Tinlot.jpg
Tinlot;Huy-Waremme;Mobilite_Commune_Autres;https://spiliege.sharepoint.com/sites/Diagnosticterritorial/Documents%20partages/Diagnostic%20territorial/2.%20Documents%20ADT/Documents%20Spi/2.%20Echelle%20communale/Tinlot/Cartographies/Mobilite_Commune_Autres_Huy-Waremme_Tinlot.jpg
Tinlot;Huy-Waremme;Mobilite_Commune_TC;https://spiliege.sharepoint.com/sites/Diagnosticterritorial/Documents%20partages/Diagnostic%20territorial/2.%20Documents%20ADT/Documents%20Spi/2.%20Echelle%20communale/Tinlot/Cartographies/Mobilite_Commune_TC_Huy-Waremme_Tinlot.jpg
Trois-Ponts;Verviers;Deplacement_destination;https://spiliege.sharepoint.com/sites/Diagnosticterritorial/Documents%20partages/Diagnostic%20territorial/2.%20Documents%20ADT/Documents%20Spi/2.%20Echelle%20communale/Trois-Ponts/Cartographies/Deplacement_destination_Verviers_Trois-Ponts.jpg
Trois-Ponts;Verviers;Deplacement_origine;https://spiliege.sharepoint.com/sites/Diagnosticterritorial/Documents%20partages/Diagnostic%20territorial/2.%20Documents%20ADT/Documents%20Spi/2.%20Echelle%20communale/Trois-Ponts/Cartographies/Deplacement_origine_Verviers_Trois-Ponts.jpg
Trois-Ponts;Verviers;Deplacements_journee;https://spiliege.sharepoint.com/sites/Diagnosticterritorial/Documents%20partages/Diagnostic%20territorial/2.%20Documents%20ADT/Documents%20Spi/2.%20Echelle%20communale/Trois-Ponts/Cartographies/Deplacements_journee_Verviers_Trois-Ponts.jpg
Trois-Ponts;Verviers;Mobilite_Commune_Autres;https://spiliege.sharepoint.com/sites/Diagnosticterritorial/Documents%20partages/Diagnostic%20territorial/2.%20Documents%20ADT/Documents%20Spi/2.%20Echelle%20communale/Trois-Ponts/Cartographies/Mobilite_Commune_Autres_Verviers_Trois-Ponts.jpg
Trois-Ponts;Verviers;Mobilite_Commune_TC;https://spiliege.sharepoint.com/sites/Diagnosticterritorial/Documents%20partages/Diagnostic%20territorial/2.%20Documents%20ADT/Documents%20Spi/2.%20Echelle%20communale/Trois-Ponts/Cartographies/Mobilite_Commune_TC_Verviers_Trois-Ponts.jpg
Trooz;Liège;Deplacement_destination;https://spiliege.sharepoint.com/sites/Diagnosticterritorial/Documents%20partages/Diagnostic%20territorial/2.%20Documents%20ADT/Documents%20Spi/2.%20Echelle%20communale/Trooz/Cartographies/Deplacement_destination_Liège_Trooz.jpg
Trooz;Liège;Deplacement_origine;https://spiliege.sharepoint.com/sites/Diagnosticterritorial/Documents%20partages/Diagnostic%20territorial/2.%20Documents%20ADT/Documents%20Spi/2.%20Echelle%20communale/Trooz/Cartographies/Deplacement_origine_Liège_Trooz.jpg
Trooz;Liège;Deplacements_journee;https://spiliege.sharepoint.com/sites/Diagnosticterritorial/Documents%20partages/Diagnostic%20territorial/2.%20Documents%20ADT/Documents%20Spi/2.%20Echelle%20communale/Trooz/Cartographies/Deplacements_journee_Liège_Trooz.jpg
Trooz;Liège;Mobilite_Commune_Autres;https://spiliege.sharepoint.com/sites/Diagnosticterritorial/Documents%20partages/Diagnostic%20territorial/2.%20Documents%20ADT/Documents%20Spi/2.%20Echelle%20communale/Trooz/Cartographies/Mobilite_Commune_Autres_Liège_Trooz.jpg
Trooz;Liège;Mobilite_Commune_TC;https://spiliege.sharepoint.com/sites/Diagnosticterritorial/Documents%20partages/Diagnostic%20territorial/2.%20Documents%20ADT/Documents%20Spi/2.%20Echelle%20communale/Trooz/Cartographies/Mobilite_Commune_TC_Liège_Trooz.jpg
Verlaine;Huy-Waremme;Deplacement_destination;https://spiliege.sharepoint.com/sites/Diagnosticterritorial/Documents%20partages/Diagnostic%20territorial/2.%20Documents%20ADT/Documents%20Spi/2.%20Echelle%20communale/Verlaine/Cartographies/Deplacement_destination_Huy-Waremme_Verlaine.jpg
Verlaine;Huy-Waremme;Deplacement_origine;https://spiliege.sharepoint.com/sites/Diagnosticterritorial/Documents%20partages/Diagnostic%20territorial/2.%20Documents%20ADT/Documents%20Spi/2.%20Echelle%20communale/Verlaine/Cartographies/Deplacement_origine_Huy-Waremme_Verlaine.jpg
Verlaine;Huy-Waremme;Deplacements_journee;https://spiliege.sharepoint.com/sites/Diagnosticterritorial/Documents%20partages/Diagnostic%20territorial/2.%20Documents%20ADT/Documents%20Spi/2.%20Echelle%20communale/Verlaine/Cartographies/Deplacements_journee_Huy-Waremme_Verlaine.jpg
Verlaine;Huy-Waremme;Mobilite_Commune_Autres;https://spiliege.sharepoint.com/sites/Diagnosticterritorial/Documents%20partages/Diagnostic%20territorial/2.%20Documents%20ADT/Documents%20Spi/2.%20Echelle%20communale/Verlaine/Cartographies/Mobilite_Commune_Autres_Huy-Waremme_Verlaine.jpg
Verlaine;Huy-Waremme;Mobilite_Commune_TC;https://spiliege.sharepoint.com/sites/Diagnosticterritorial/Documents%20partages/Diagnostic%20territorial/2.%20Documents%20ADT/Documents%20Spi/2.%20Echelle%20communale/Verlaine/Cartographies/Mobilite_Commune_TC_Huy-Waremme_Verlaine.jpg
Verviers;Verviers;Deplacement_destination;https://spiliege.sharepoint.com/sites/Diagnosticterritorial/Documents%20partages/Diagnostic%20territorial/2.%20Documents%20ADT/Documents%20Spi/2.%20Echelle%20communale/Verviers/Cartographies/Deplacement_destination_Verviers_Verviers.jpg
Verviers;Verviers;Deplacement_origine;https://spiliege.sharepoint.com/sites/Diagnosticterritorial/Documents%20partages/Diagnostic%20territorial/2.%20Documents%20ADT/Documents%20Spi/2.%20Echelle%20communale/Verviers/Cartographies/Deplacement_origine_Verviers_Verviers.jpg
Verviers;Verviers;Deplacements_journee;https://spiliege.sharepoint.com/sites/Diagnosticterritorial/Documents%20partages/Diagnostic%20territorial/2.%20Documents%20ADT/Documents%20Spi/2.%20Echelle%20communale/Verviers/Cartographies/Deplacements_journee_Verviers_Verviers.jpg
Verviers;Verviers;Mobilite_Commune_Autres;https://spiliege.sharepoint.com/sites/Diagnosticterritorial/Documents%20partages/Diagnostic%20territorial/2.%20Documents%20ADT/Documents%20Spi/2.%20Echelle%20communale/Verviers/Cartographies/Mobilite_Commune_Autres_Verviers_Verviers.jpg
Verviers;Verviers;Mobilite_Commune_TC;https://spiliege.sharepoint.com/sites/Diagnosticterritorial/Documents%20partages/Diagnostic%20territorial/2.%20Documents%20ADT/Documents%20Spi/2.%20Echelle%20communale/Verviers/Cartographies/Mobilite_Commune_TC_Verviers_Verviers.jpg
Villers-le-Bouillet;Huy-Waremme;Deplacement_destination;https://spiliege.sharepoint.com/sites/Diagnosticterritorial/Documents%20partages/Diagnostic%20territorial/2.%20Documents%20ADT/Documents%20Spi/2.%20Echelle%20communale/Villers-le-Bouillet/Cartographies/Deplacement_destination_Huy-Waremme_Villers-le-Bouillet.jpg
Villers-le-Bouillet;Huy-Waremme;Deplacement_origine;https://spiliege.sharepoint.com/sites/Diagnosticterritorial/Documents%20partages/Diagnostic%20territorial/2.%20Documents%20ADT/Documents%20Spi/2.%20Echelle%20communale/Villers-le-Bouillet/Cartographies/Deplacement_origine_Huy-Waremme_Villers-le-Bouillet.jpg
Villers-le-Bouillet;Huy-Waremme;Deplacements_journee;https://spiliege.sharepoint.com/sites/Diagnosticterritorial/Documents%20partages/Diagnostic%20territorial/2.%20Documents%20ADT/Documents%20Spi/2.%20Echelle%20communale/Villers-le-Bouillet/Cartographies/Deplacements_journee_Huy-Waremme_Villers-le-Bouillet.jpg
Villers-le-Bouillet;Huy-Waremme;Mobilite_Commune_Autres;https://spiliege.sharepoint.com/sites/Diagnosticterritorial/Documents%20partages/Diagnostic%20territorial/2.%20Documents%20ADT/Documents%20Spi/2.%20Echelle%20communale/Villers-le-Bouillet/Cartographies/Mobilite_Commune_Autres_Huy-Waremme_Villers-le-Bouillet.jpg
Villers-le-Bouillet;Huy-Waremme;Mobilite_Commune_TC;https://spiliege.sharepoint.com/sites/Diagnosticterritorial/Documents%20partages/Diagnostic%20territorial/2.%20Documents%20ADT/Documents%20Spi/2.%20Echelle%20communale/Villers-le-Bouillet/Cartographies/Mobilite_Commune_TC_Huy-Waremme_Villers-le-Bouillet.jpg
Visé;Liège;Deplacement_destination;https://spiliege.sharepoint.com/sites/Diagnosticterritorial/Documents%20partages/Diagnostic%20territorial/2.%20Documents%20ADT/Documents%20Spi/2.%20Echelle%20communale/Visé/Cartographies/Deplacement_destination_Liège_Visé.jpg
Visé;Liège;Deplacement_origine;https://spiliege.sharepoint.com/sites/Diagnosticterritorial/Documents%20partages/Diagnostic%20territorial/2.%20Documents%20ADT/Documents%20Spi/2.%20Echelle%20communale/Visé/Cartographies/Deplacement_origine_Liège_Visé.jpg
Visé;Liège;Deplacements_journee;https://spiliege.sharepoint.com/sites/Diagnosticterritorial/Documents%20partages/Diagnostic%20territorial/2.%20Documents%20ADT/Documents%20Spi/2.%20Echelle%20communale/Visé/Cartographies/Deplacements_journee_Liège_Visé.jpg
Visé;Liège;Mobilite_Commune_Autres;https://spiliege.sharepoint.com/sites/Diagnosticterritorial/Documents%20partages/Diagnostic%20territorial/2.%20Documents%20ADT/Documents%20Spi/2.%20Echelle%20communale/Visé/Cartographies/Mobilite_Commune_Autres_Liège_Visé.jpg
Visé;Liège;Mobilite_Commune_TC;https://spiliege.sharepoint.com/sites/Diagnosticterritorial/Documents%20partages/Diagnostic%20territorial/2.%20Documents%20ADT/Documents%20Spi/2.%20Echelle%20communale/Visé/Cartographies/Mobilite_Commune_TC_Liège_Visé.jpg
Waimes;Verviers;Deplacement_destination;https://spiliege.sharepoint.com/sites/Diagnosticterritorial/Documents%20partages/Diagnostic%20territorial/2.%20Documents%20ADT/Documents%20Spi/2.%20Echelle%20communale/Waimes/Cartographies/Deplacement_destination_Verviers_Waimes.jpg
Waimes;Verviers;Deplacement_origine;https://spiliege.sharepoint.com/sites/Diagnosticterritorial/Documents%20partages/Diagnostic%20territorial/2.%20Documents%20ADT/Documents%20Spi/2.%20Echelle%20communale/Waimes/Cartographies/Deplacement_origine_Verviers_Waimes.jpg
Waimes;Verviers;Deplacements_journee;https://spiliege.sharepoint.com/sites/Diagnosticterritorial/Documents%20partages/Diagnostic%20territorial/2.%20Documents%20ADT/Documents%20Spi/2.%20Echelle%20communale/Waimes/Cartographies/Deplacements_journee_Verviers_Waimes.jpg
Waimes;Verviers;Mobilite_Commune_Autres;https://spiliege.sharepoint.com/sites/Diagnosticterritorial/Documents%20partages/Diagnostic%20territorial/2.%20Documents%20ADT/Documents%20Spi/2.%20Echelle%20communale/Waimes/Cartographies/Mobilite_Commune_Autres_Verviers_Waimes.jpg
Waimes;Verviers;Mobilite_Commune_TC;https://spiliege.sharepoint.com/sites/Diagnosticterritorial/Documents%20partages/Diagnostic%20territorial/2.%20Documents%20ADT/Documents%20Spi/2.%20Echelle%20communale/Waimes/Cartographies/Mobilite_Commune_TC_Verviers_Waimes.jpg
Wanze;Huy-Waremme;Deplacement_destination;https://spiliege.sharepoint.com/sites/Diagnosticterritorial/Documents%20partages/Diagnostic%20territorial/2.%20Documents%20ADT/Documents%20Spi/2.%20Echelle%20communale/Wanze/Cartographies/Deplacement_destination_Huy-Waremme_Wanze.jpg
Wanze;Huy-Waremme;Deplacement_origine;https://spiliege.sharepoint.com/sites/Diagnosticterritorial/Documents%20partages/Diagnostic%20territorial/2.%20Documents%20ADT/Documents%20Spi/2.%20Echelle%20communale/Wanze/Cartographies/Deplacement_origine_Huy-Waremme_Wanze.jpg
Wanze;Huy-Waremme;Deplacements_journee;https://spiliege.sharepoint.com/sites/Diagnosticterritorial/Documents%20partages/Diagnostic%20territorial/2.%20Documents%20ADT/Documents%20Spi/2.%20Echelle%20communale/Wanze/Cartographies/Deplacements_journee_Huy-Waremme_Wanze.jpg
Wanze;Huy-Waremme;Mobilite_Commune_Autres;https://spiliege.sharepoint.com/sites/Diagnosticterritorial/Documents%20partages/Diagnostic%20territorial/2.%20Documents%20ADT/Documents%20Spi/2.%20Echelle%20communale/Wanze/Cartographies/Mobilite_Commune_Autres_Huy-Waremme_Wanze.jpg
Wanze;Huy-Waremme;Mobilite_Commune_TC;https://spiliege.sharepoint.com/sites/Diagnosticterritorial/Documents%20partages/Diagnostic%20territorial/2.%20Documents%20ADT/Documents%20Spi/2.%20Echelle%20communale/Wanze/Cartographies/Mobilite_Commune_TC_Huy-Waremme_Wanze.jpg
Waremme;Huy-Waremme;Deplacement_destination;https://spiliege.sharepoint.com/sites/Diagnosticterritorial/Documents%20partages/Diagnostic%20territorial/2.%20Documents%20ADT/Documents%20Spi/2.%20Echelle%20communale/Waremme/Cartographies/Deplacement_destination_Huy-Waremme_Waremme.jpg
Waremme;Huy-Waremme;Deplacement_origine;https://spiliege.sharepoint.com/sites/Diagnosticterritorial/Documents%20partages/Diagnostic%20territorial/2.%20Documents%20ADT/Documents%20Spi/2.%20Echelle%20communale/Waremme/Cartographies/Deplacement_origine_Huy-Waremme_Waremme.jpg
Waremme;Huy-Waremme;Deplacements_journee;https://spiliege.sharepoint.com/sites/Diagnosticterritorial/Documents%20partages/Diagnostic%20territorial/2.%20Documents%20ADT/Documents%20Spi/2.%20Echelle%20communale/Waremme/Cartographies/Deplacements_journee_Huy-Waremme_Waremme.jpg
Waremme;Huy-Waremme;Mobilite_Commune_Autres;https://spiliege.sharepoint.com/sites/Diagnosticterritorial/Documents%20partages/Diagnostic%20territorial/2.%20Documents%20ADT/Documents%20Spi/2.%20Echelle%20communale/Waremme/Cartographies/Mobilite_Commune_Autres_Huy-Waremme_Waremme.jpg
Waremme;Huy-Waremme;Mobilite_Commune_TC;https://spiliege.sharepoint.com/sites/Diagnosticterritorial/Documents%20partages/Diagnostic%20territorial/2.%20Documents%20ADT/Documents%20Spi/2.%20Echelle%20communale/Waremme/Cartographies/Mobilite_Commune_TC_Huy-Waremme_Waremme.jpg
Wasseiges;Huy-Waremme;Deplacement_destination;https://spiliege.sharepoint.com/sites/Diagnosticterritorial/Documents%20partages/Diagnostic%20territorial/2.%20Documents%20ADT/Documents%20Spi/2.%20Echelle%20communale/Wasseiges/Cartographies/Deplacement_destination_Huy-Waremme_Wasseiges.jpg
Wasseiges;Huy-Waremme;Deplacement_origine;https://spiliege.sharepoint.com/sites/Diagnosticterritorial/Documents%20partages/Diagnostic%20territorial/2.%20Documents%20ADT/Documents%20Spi/2.%20Echelle%20communale/Wasseiges/Cartographies/Deplacement_origine_Huy-Waremme_Wasseiges.jpg
Wasseiges;Huy-Waremme;Deplacements_journee;https://spiliege.sharepoint.com/sites/Diagnosticterritorial/Documents%20partages/Diagnostic%20territorial/2.%20Documents%20ADT/Documents%20Spi/2.%20Echelle%20communale/Wasseiges/Cartographies/Deplacements_journee_Huy-Waremme_Wasseiges.jpg
Wasseiges;Huy-Waremme;Mobilite_Commune_Autres;https://spiliege.sharepoint.com/sites/Diagnosticterritorial/Documents%20partages/Diagnostic%20territorial/2.%20Documents%20ADT/Documents%20Spi/2.%20Echelle%20communale/Wasseiges/Cartographies/Mobilite_Commune_Autres_Huy-Waremme_Wasseiges.jpg
Wasseiges;Huy-Waremme;Mobilite_Commune_TC;https://spiliege.sharepoint.com/sites/Diagnosticterritorial/Documents%20partages/Diagnostic%20territorial/2.%20Documents%20ADT/Documents%20Spi/2.%20Echelle%20communale/Wasseiges/Cartographies/Mobilite_Commune_TC_Huy-Waremme_Wasseiges.jpg
Welkenraedt;Verviers;Deplacement_destination;https://spiliege.sharepoint.com/sites/Diagnosticterritorial/Documents%20partages/Diagnostic%20territorial/2.%20Documents%20ADT/Documents%20Spi/2.%20Echelle%20communale/Welkenraedt/Cartographies/Deplacement_destination_Verviers_Welkenraedt.jpg
Welkenraedt;Verviers;Deplacement_origine;https://spiliege.sharepoint.com/sites/Diagnosticterritorial/Documents%20partages/Diagnostic%20territorial/2.%20Documents%20ADT/Documents%20Spi/2.%20Echelle%20communale/Welkenraedt/Cartographies/Deplacement_origine_Verviers_Welkenraedt.jpg
Welkenraedt;Verviers;Deplacements_journee;https://spiliege.sharepoint.com/sites/Diagnosticterritorial/Documents%20partages/Diagnostic%20territorial/2.%20Documents%20ADT/Documents%20Spi/2.%20Echelle%20communale/Welkenraedt/Cartographies/Deplacements_journee_Verviers_Welkenraedt.jpg
Welkenraedt;Verviers;Mobilite_Commune_Autres;https://spiliege.sharepoint.com/sites/Diagnosticterritorial/Documents%20partages/Diagnostic%20territorial/2.%20Documents%20ADT/Documents%20Spi/2.%20Echelle%20communale/Welkenraedt/Cartographies/Mobilite_Commune_Autres_Verviers_Welkenraedt.jpg
Welkenraedt;Verviers;Mobilite_Commune_TC;https://spiliege.sharepoint.com/sites/Diagnosticterritorial/Documents%20partages/Diagnostic%20territorial/2.%20Documents%20ADT/Documents%20Spi/2.%20Echelle%20communale/Welkenraedt/Cartographies/Mobilite_Commune_TC_Verviers_Welkenraedt.jpg
